id,code,name,prefecture,address,tel,corporation,director,established,bed_type_and_count,facility_type,col12,col13,col14,col15,col16,col17,col18,col19,col20,col21,col22,col23,col24

1.0,01-3056-6,三浦歯科医院,〒010－1631,秋田市新屋元町２２－３４,018-828-2109,三浦　捷也,三浦　捷也 / 令5. 11. 1,昭44. 11. 1,歯　小歯 / 現存,診療所,,,,,,,,,,,,,,

2.0,01-3082-2,石田歯科医院,〒010－0921,秋田市大町１－３－３３,018-862-2346,石田　泰,石田　泰 / 令5. 8. 1,昭50. 8. 1,歯　矯歯　小歯 / 現存,診療所,,,,,,,,,,,,,,

3.0,01-3118-4,杉田歯科医院,〒010－0971,秋田市八橋三和町１９－１９,018-863-6122,杉田　逹夫,杉田　逹夫 / 令5. 4. 7,昭56. 4. 7,歯 / 現存,診療所,,,,,,,,,,,,,,

4.0,01-3124-2,中道歯科医院,〒011－0946,秋田市土崎港中央６－１２－１５,018-846-8181,中道　敦子,中道　敦子 / 令5. 10. 6,昭56. 10. 6,歯 / 現存,診療所,,,,,,,,,,,,,,

5.0,01-3129-1,社会医療法人明和会　中通歯科診療所,〒010－0001,秋田市中通六丁目１番５８号,018-832-2833,社会医療法人明和会　理事長　小林　仁,原田　久美子 / 令6. 11. 1,昭57. 11. 1,歯　矯歯　小歯　歯外 / 現存,診療所,,,,,,,,,,,,,,

6.0,01-3130-9,石成歯科医院,〒010－0812,秋田市泉三嶽根２－２７,018-868-2711,石成　宣良,石成　宣良 / 令4. 2. 1,昭58. 2. 1,歯 / 現存,診療所,,,,,,,,,,,,,,

7.0,01-3133-3,白石歯科医院,〒011－0917,秋田市飯島道東２－１２－４３,018-846-4545,白石　千代夫,白石　千代夫 / 令4. 5. 9,昭58. 5. 9,歯　小歯　矯歯　歯外 / 現存,診療所,,,,,,,,,,,,,,

8.0,01-3135-8,真宮歯科医院,〒010－0945,秋田市川尻みよし町１３－３２,018-824-5188,真宮　光彦,真宮　光彦 / 令4. 7. 1,昭58. 7. 1,歯 / 現存,診療所,,,,,,,,,,,,,,

9.0,01-3148-1,追分歯科医院,〒010－0116,秋田市金足小泉字潟向３－２,018-873-5661,奈良　周彦,奈良　周彦 / 令5. 7. 1,昭59. 7. 1,歯 / 現存,診療所,,,,,,,,,,,,,,

10.0,01-3149-9,すのうち歯科医院,〒010－0965,秋田市八橋新川向９－２１,018-863-7778,簾内　俊博,簾内　俊博 / 令5. 8. 17,昭59. 8. 17,歯　矯歯　小歯 / 現存,診療所,,,,,,,,,,,,,,

11.0,01-3151-5,桜歯科クリニック,〒010－0044,秋田市横森５－２０－２５,018-832-4030,下田　光博,下田　光博 / 令5. 9. 20,昭59. 9. 20,歯 / 現存,診療所,,,,,,,,,,,,,,

12.0,01-3152-3,白根歯科医院,〒010－0922,秋田市旭北栄町５－３３,018-823-1300,白根　宏二,白根　宏二 / 令5. 10. 15,昭59. 10. 15,歯 / 現存,診療所,,,,,,,,,,,,,,

13.0,01-3155-6,手形歯科診療所,〒010－0861,秋田市手形からみでん３－６７,018-834-8106,鈴木　洋一,鈴木　洋一 / 令5. 12. 15,昭59. 12. 15,歯　矯歯　小歯 / 現存,診療所,,,,,,,,,,,,,,

14.0,01-3164-8,ひゃくすい歯科,〒011－0942,秋田市土崎港東四丁目６－４７,018-845-0648,泉谷　百穂,泉谷　百穂 / 令4. 7. 1,昭61. 7. 1,歯　矯歯　小歯　歯外 / 現存,診療所,,,,,,,,,,,,,,

15.0,01-3171-3,日興歯科医院,〒010－0001,秋田市中通６－１３－２５,018-835-2195,黄　振興,黄　振興 / 令5. 4. 21,昭62. 4. 21,歯 / 現存,診療所,,,,,,,,,,,,,,

16.0,01-3176-2,海塩歯科医院,〒010－0917,秋田市泉中央３丁目４－１５,018-824-4040,海塩　秀男,海塩　秀男 / 令5. 9. 3,昭62. 9. 3,歯 / 現存,診療所,,,,,,,,,,,,,,

17.0,01-3199-4,大山歯科医院,〒011－0946,秋田市土崎港中央５丁目２番１１号,018-845-7642,大山　一雄,大山　一雄 / 令4. 3. 15,平元. 3. 15,歯 / 現存,診療所,,,,,,,,,,,,,,

18.0,01-3203-4,明田歯科医院,〒010－0002,秋田市東通仲町２－１１,018-834-8141,佐藤　浩幸,佐藤　浩幸 / 令4. 6. 19,平元. 6. 19,歯 / 現存,診療所,,,,,,,,,,,,,,

19.0,01-3204-2,大住鈴木歯科医院,〒010－0063,秋田市牛島西３丁目２－３２,018-836-5123,鈴木　尚樹,鈴木　尚樹 / 令4. 6. 19,平元. 6. 19,歯　小歯 / 現存,診療所,,,,,,,,,,,,,,

20.0,01-3211-7,こまつ歯科医院,〒011－0941,秋田市土崎港北７丁目７番２１号,018-846-6100,小松　純一,小松　純一 / 令5. 1. 16,平2. 1. 16,歯 / 現存,診療所,,,,,,,,,,,,,,

21.0,01-3212-5,岡部歯科医院,〒010－0925,秋田市旭南３丁目３番１３号,018-863-3629,小林　まゆみ,小林　まゆみ / 令5. 2. 1,平2. 2. 1,歯 / 現存,診療所,,,,,,,,,,,,,,

22.0,01-3214-1,神田歯科医院,〒010－1421,秋田市仁井田本町四丁目１３番２号,018-839-3765,神田　かほる,神田　かほる / 令5. 9. 1,平2. 9. 1,歯 / 現存,診療所,,,,,,,,,,,,,,

23.0,01-3221-6,社会医療法人明和会　港北中通診療所,〒011－0941,秋田市土崎港北６丁目１番５号,018-845-3663,社会医療法人明和会　理事長　小林　仁,菊池　友幸 / 令4. 8. 1,令3. 4. 1,歯　矯歯　小歯　歯外 / 現存,診療所,,,,,,,,,,,,,,

24.0,01-3227-3,立花歯科医院,〒010－0022,秋田市楢山南中町９－２２,018-833-3885,立花　透,立花　透 / 令6. 8. 1,平3. 8. 1,歯 / 現存,診療所,,,,,,,,,,,,,,

25.0,01-3232-3,神田歯科医院,〒010－0023,秋田市楢山本町３－１４,018-831-9094,神田　恵子,神田　恵子 / 令6. 10. 1,平3. 10. 1,歯　小歯 / 現存,診療所,,,,,,,,,,,,,,

26.0,01-3239-8,平塚歯科医院,〒010－1414,秋田市御所野元町二丁目１２番１号,018-826-1888,平塚　新,平塚　新 / 令4. 4. 2,平4. 4. 2,歯 / 現存,診療所,,,,,,,,,,,,,,

27.0,01-3240-6,西野歯科医院,〒010－1425,秋田市御野場新町４丁目１番１号,018-839-9722,西野　義昭,西野　義昭 / 令4. 4. 17,平4. 4. 17,歯 / 現存,診療所,,,,,,,,,,,,,,

28.0,01-3243-0,いとう歯科医院,〒010－0951,秋田市山王五丁目１－１５朝日プラザ欅通１０１,018-888-1388,伊藤　浩昭,伊藤　浩昭 / 令4. 7. 20,平4. 7. 20,歯 / 現存,診療所,,,,,,,,,,,,,,

29.0,01-3249-7,又井歯科クリニック,〒011－0948,秋田市飯島西袋二丁目１６番１号,018-846-8877,又井　庸生,又井　庸生 / 令4. 10. 7,平4. 10. 7,歯 / 現存,診療所,,,,,,,,,,,,,,

30.0,01-3252-1,医療法人豊盛会　豊間歯科医院,〒011－0946,秋田市土崎港中央二丁目５番２４号,018-845-1657,医療法人豊盛会　理事長　豊間　隆,豊間　隆 / 令5. 5. 1,平5. 5. 1,歯　歯外 / 現存,診療所,,,,,,,,,,,,,,

31.0,01-3259-6,安井歯科クリニック,〒010－0003,秋田市東通二丁目１０番４５号,018-836-4618,安井　新紀,安井　新紀 / 令5. 8. 2,平5. 8. 2,歯　矯歯　小歯 / 現存,診療所,,,,,,,,,,,,,,

32.0,01-3260-4,山内歯科・矯正歯科,〒010－0001,秋田市中通三丁目１番７号,018-832-5252,医療法人山内歯科・矯正歯科　理事長　山内　積,山内　積 / 令5. 9. 1,平5. 9. 1,矯歯 / 現存,診療所,,,,,,,,,,,,,,

33.0,01-3261-2,おおすみ歯科医院,〒010－1436,秋田市大住三丁目３番５３号,018-836-5222,医療法人おおすみ歯科医院　理事長　佐々木　嘉一,佐々木　嘉一 / 令5. 9. 1,平5. 9. 1,歯　矯歯　小歯 / 現存,診療所,,,,,,,,,,,,,,

34.0,01-3266-1,清水歯科クリニック,〒010－0914,秋田市保戸野千代田町２番４１号,018-863-3443,清水　眞木雄,清水　眞木雄 / 令5. 12. 1,平5. 12. 1,歯　小歯 / 現存,診療所,,,,,,,,,,,,,,

35.0,01-3267-9,あさひかわ歯科医院,〒010－0834,秋田市旭川南町１２番２３号,018-831-1316,医療法人あさひかわ歯科医院　理事長　最上　伸司,最上　伸司 / 令6. 1. 1,平6. 1. 1,歯 / 現存,診療所,,,,,,,,,,,,,,

36.0,01-3268-7,三浦歯科クリニック,〒010－1421,秋田市仁井田本町５丁目１番２５号,018-839-8219,医療法人三浦歯科クリニック　理事長　三浦　吉貴,三浦　吉貴 / 令6. 1. 1,平6. 1. 1,歯　小歯　歯外　矯歯 / 現存,診療所,,,,,,,,,,,,,,

37.0,01-3272-9,高山歯科医院,〒010－0925,秋田市旭南２丁目１番３８号,018-823-1182,医療法人デッグ　理事長　高山　伊都子,高山　伊都子 / 令6. 4. 1,平6. 4. 1,歯　矯歯　小歯　歯外 / 現存,診療所,,,,,,,,,,,,,,

38.0,01-3278-6,京谷歯科医院,〒010－1424,秋田市御野場４丁目３番３号,018-839-7887,京谷　雅樹,京谷　雅樹 / 令6. 10. 25,平6. 10. 25,歯　小歯 / 現存,診療所,,,,,,,,,,,,,,

39.0,01-3280-2,江畑歯科医院,〒010－0065,秋田市茨島４丁目６番４４号,018-865-2555,江畑　浩,江畑　浩 / 令3. 12. 15,平6. 12. 15,歯 / 現存,診療所,,,,,,,,,,,,,,

40.0,01-3282-8,広幡歯科医院,〒010－0931,秋田市川元山下町２番１号,018-864-7171,広幡　昌直,広幡　昌直 / 令4. 3. 16,平7. 3. 16,歯 / 現存,診療所,,,,,,,,,,,,,,

41.0,01-3287-7,小澤歯科医院,〒011－0946,秋田市土崎港中央４丁目５番５３号,018-845-0313,小澤　夏生,小澤　夏生 / 令4. 7. 12,平7. 7. 12,歯 / 現存,診療所,,,,,,,,,,,,,,

42.0,01-3291-9,竹中歯科クリニック,〒011－0946,秋田市土崎港中央五丁目８番３号,018-847-1188,竹中　一哉,竹中　一哉 / 令4. 10. 16,平7. 10. 16,歯 / 現存,診療所,,,,,,,,,,,,,,

43.0,01-3294-3,けやき通り歯科医院,〒010－0973,秋田市八橋本町３丁目１４番１４号,018-864-6322,大島　卓哉,大島　卓哉 / 令5. 4. 1,平8. 4. 1,歯　矯歯　小歯 / 現存,診療所,,,,,,,,,,,,,,

44.0,01-3300-8,東京歯科クリニック,〒010－0003,秋田市東通１丁目１２－６,018-836-3450,大久保　道子,大久保　道子 / 新規 / 令5. 11. 7,平8. 11. 7,歯　歯外 / 現存,診療所,,,,,,,,,,,,,,

45.0,01-3304-0,佐藤歯科医院,〒010－0028,秋田市楢山共和町２番３号,018-832-7009,佐藤　裕子,佐藤　裕子 / 交代 / 令6. 3. 21,平9. 3. 21,歯　小歯 / 現存,診療所,,,,,,,,,,,,,,

46.0,01-3306-5,わかさ歯科クリニック,〒010－0041,秋田市広面字谷地田８３番３,018-837-8567,若狭　隆,若狭　隆 / 新規 / 令6. 7. 22,平9. 7. 22,歯　矯歯　小歯 / 現存,診療所,,,,,,,,,,,,,,

47.0,01-3310-7,佐藤歯科医院,〒011－0941,秋田市土崎港北３丁目３番５１号,018-857-2255,医療法人恒心会　理事長　佐藤　正人,佐藤　正人 / 組織変更 / 令6. 8. 18,平9. 8. 18,歯　小歯 / 現存,診療所,,,,,,,,,,,,,,

48.0,01-3311-5,追分佐藤歯科医院,〒010－0126,秋田市金足追分字海老穴２６２番地３,018-872-1120,医療法人恒心会　理事長　佐藤　正人,最上（佐藤）　晶子 / 新規 / 令6. 9. 17,平9. 9. 17,歯　小歯 / 現存,診療所,,,,,,,,,,,,,,

49.0,01-3312-3,ひがしとおり歯科医院,〒010－0003,秋田市東通三丁目１０番１５号,018-831-8867,山本　高敬,山本　真弓 / 新規 / 令6. 11. 10,平9. 11. 10,歯　小歯 / 現存,診療所,,,,,,,,,,,,,,

50.0,01-3319-8,医療法人東京堂　港町歯科クリニック,〒011－0946,秋田市土崎港中央３丁目５番４０号,018-857-1040,医療法人東京堂　理事長　佐藤　暢也,佐藤　暢也 / 組織変更 / 令5. 5. 1,平11. 5. 1,歯　小歯　矯歯　歯外 / 現存,診療所,,,,,,,,,,,,,,

51.0,01-3320-6,こまはし歯科医院,〒010－0951,秋田市山王２丁目６番１号,018-862-7047,駒橋　純,駒橋　純 / 新規 / 令5. 7. 2,平11. 7. 2,歯　小歯 / 現存,診療所,,,,,,,,,,,,,,

52.0,01-3322-2,小柳歯科医院,〒010－0851,秋田市手形十七流４１９番,018-832-6042,小柳　真,小柳　真 / 移動 / 令5. 8. 1,平11. 8. 1,歯　小歯 / 現存,診療所,,,,,,,,,,,,,,

53.0,01-3323-0,とりき町歯科クリニック,〒010－1633,秋田市新屋鳥木町４－４７,018-888-8222,清水　光,清水　光 / 新規 / 令5. 9. 14,平11. 9. 14,歯　小歯 / 現存,診療所,,,,,,,,,,,,,,

54.0,01-3325-5,原歯科医院,〒010－0918,秋田市泉南３丁目４－１６,018-865-2600,小田　真悟,小田　真悟 / 交代 / 令5. 10. 4,平11. 10. 4,歯　小歯　矯歯 / 現存,診療所,,,,,,,,,,,,,,

55.0,01-3326-3,カネウチ歯科医院,〒010－0041,秋田市広面字谷地沖４番地３,018-832-8249,医療法人ケーディーシィー　理事長　金内　洋光,金内　洋光 / 組織変更 / 令5. 12. 1,平11. 12. 1,歯　小歯 / 現存,診療所,,,,,,,,,,,,,,

56.0,01-3327-1,田北歯科医院,〒011－0932,秋田市将軍野青山町１２－３０,018-857-0088,田北　朗,田北　朗 / 移動 / 令6. 3. 4,平12. 3. 4,歯 / 現存,診療所,,,,,,,,,,,,,,

57.0,01-3331-3,酒樹歯科医院,〒010－0851,秋田市手形十七流３２－４,018-835-8161,酒樹　徳悦,酒樹　徳悦 / 移動 / 令6. 6. 15,平12. 6. 15,歯 / 現存,診療所,,,,,,,,,,,,,,

58.0,01-3336-2,歯科明徳町クリニック,〒010－0875,秋田市千秋明徳町３番４８号,018-832-4224,佐藤　直人,佐藤　直人 / 移動 / 令6. 11. 1,平12. 11. 1,歯　歯外　小歯　矯歯 / 現存,診療所,,,,,,,,,,,,,,

59.0,01-3343-8,船木歯科クリニック,〒010－0942,秋田市川尻大川町１－４０,018-867-8250,船木　聖己,船木　聖己 / 新規 / 令元. 9. 26,平13. 9. 26,歯　矯歯　小歯　歯外 / 現存,診療所,,,,,,,,,,,,,,

60.0,01-3345-3,ながい歯科医院,〒010－0918,秋田市泉南３丁目２５番１号,018-824-4465,永井　毅,永井　毅 / 交代 / 令元. 10. 15,平13. 10. 15,歯　矯歯　小歯　歯外 / 現存,診療所,,,,,,,,,,,,,,

61.0,01-3348-7,いしかわ歯科・矯正歯科,〒010－0041,秋田市広面字野添１８１番地,018-887-3988,石川　承平,石川　承平 / 新規 / 令2. 4. 21,平14. 4. 21,歯　矯歯　小歯　歯外 / 現存,診療所,,,,,,,,,,,,,,

62.0,01-3356-0,ＴＡＫＵ歯科クリニック,〒011－0901,秋田市寺内字三千刈３２５－３,018-867-8255,佐藤　拓,佐藤　拓 / 新規 / 令4. 7. 1,平16. 7. 1,歯　小歯　歯外 / 現存,診療所,,,,,,,,,,,,,,

63.0,01-3358-6,歯科アキタクリニック,〒010－0951,秋田市山王１丁目９番１０号,018-864-1355,武蔵　貞司,武蔵　貞司 / 組織変更 / 令4. 7. 16,平16. 7. 16,歯　矯歯　小歯　歯外 / 現存,診療所,,,,,,,,,,,,,,

64.0,01-3363-6,医療法人　石塚歯科医院,〒019－2601,秋田市河辺和田字上中野４０１番地６,018-882-3808,医療法人　石塚歯科医院　理事長　石塚　永幸,石塚　永幸 / 移動 / 令3. 9. 16,平15. 9. 16,歯　矯歯 / 現存,診療所,,,,,,,,,,,,,,

65.0,01-3364-4,いがらし歯科医院,〒010－1223,秋田市雄和妙法字上大部１７－３,018-886-2758,五十嵐　亮,五十嵐　亮 / 新規 / 令6. 6. 2,平9. 6. 2,歯　小歯　矯歯 / 現存,診療所,,,,,,,,,,,,,,

66.0,01-3367-7,堀部歯科医院,〒010－1638,秋田市新屋表町１１－３,018-828-4323,堀部　真知子,堀部　真知子 / 交代 / 令5. 2. 26,平17. 2. 26,歯　小歯 / 現存,診療所,,,,,,,,,,,,,,

67.0,01-3368-5,はぁと歯科クリニック,〒010－0041,秋田市広面字樋口１０１－１１,018-836-0202,中田　舞子,中田　舞子 / 新規 / 令5. 4. 6,平17. 4. 6,歯　小歯　歯外 / 現存,診療所,,,,,,,,,,,,,,

68.0,01-3369-3,アルヴェたかのはし歯科,〒010－8506,秋田市東通仲町４－１　秋田拠点センターアルヴェ４階４－６,018-837-1280,鷹觜　裕,鷹觜　裕 / 新規 / 令5. 4. 1,平17. 4. 1,歯　歯外 / 現存,診療所,,,,,,,,,,,,,,

69.0,01-3370-1,大淵歯科医院,〒010－0001,秋田市中通４丁目７－３５,018-835-3711,大渕　義孝,大渕　義孝 / 移動 / 令5. 4. 1,平17. 4. 1,歯　小歯　歯外 / 現存,診療所,,,,,,,,,,,,,,

70.0,01-3371-9,将軍野歯科診療所,〒011－0936,秋田市将軍野南１丁目１０－５２,018-845-0863,阿部　賀子,阿部　賀子 / 交代 / 令5. 3. 19,平17. 3. 19,歯　小歯 / 現存,診療所,,,,,,,,,,,,,,

71.0,01-3372-7,ささき歯科クリニック,〒010－0041,秋田市広面字大袋３８番１号,018-884-0333,佐々木　大輔,佐々木　大輔 / 新規 / 令5. 5. 2,平17. 5. 2,歯　小歯　歯外 / 現存,診療所,,,,,,,,,,,,,,

72.0,01-3373-5,おのば歯科クリニック,〒010－1423,秋田市仁井田中新田７５,018-892-6300,伊藤　寿,伊藤　寿 / 新規 / 令5. 6. 13,平17. 6. 13,歯　矯歯　小歯　歯外 / 現存,診療所,,,,,,,,,,,,,,

73.0,01-3374-3,堀川歯科クリニック,〒010－1612,秋田市新屋豊町７－２９,018-867-0020,堀川　信行,堀川　信行 / 新規 / 令5. 7. 1,平17. 7. 1,歯　小歯　歯外 / 現存,診療所,,,,,,,,,,,,,,

74.0,01-3381-8,もとまち歯科医院,〒010－1631,秋田市新屋元町５－３８,018-888-8814,西村　圭史,西村　圭史 / 新規 / 令6. 5. 20,平18. 5. 20,歯　小歯　歯外 / 現存,診療所,,,,,,,,,,,,,,

75.0,01-3384-2,水上歯科医院,〒010－0916,秋田市泉北１丁目８番９号,018-838-0088,水上　克,水上　克 / 移動 / 令6. 12. 4,平18. 12. 4,歯　矯歯　小歯　歯外 / 現存,診療所,,,,,,,,,,,,,,

76.0,01-3385-9,医療法人南秋会　そらいろデンタルクリニック,〒011－0911,秋田市飯島字堀川１０番地,018-838-1707,医療法人　南秋会　理事長　後藤　英盛,越前　悠 / 新規 / 令6. 12. 18,平18. 12. 18,歯　矯歯　小歯　歯外 / 現存,診療所,,,,,,,,,,,,,,

77.0,01-3386-7,医療法人　玉木歯科医院,〒010－0925,秋田市旭南三丁目８番３号,018-864-6688,医療法人玉木歯科医院　理事長　玉木　直哉,玉木　直哉 / 組織変更 / 令7. 1. 5,平19. 1. 5,歯　矯歯　小歯 / 現存,診療所,,,,,,,,,,,,,,

78.0,01-3388-3,旭北歯科医院,〒010－0922,秋田市旭北栄町１番４号,018-865-2931,医療法人千成会　理事長　千葉　利昭,千葉　利昭 / 組織変更 / 令7. 4. 1,平19. 4. 1,歯　小歯　歯外 / 現存,診療所,,,,,,,,,,,,,,

79.0,01-3389-1,添川あおば歯科,〒010－0822,秋田市添川字地ノ内１７５－５,018-825-5575,戸嶋　慎一,戸嶋　慎一 / 新規 / 令7. 4. 25,平19. 4. 25,歯　矯歯　小歯 / 現存,診療所,,,,,,,,,,,,,,

80.0,01-3391-7,大村矯正歯科,〒010－0021,秋田市楢山登町２番３３号,018-837-3148,大村　克彦,大村　克彦 / 新規 / 令7. 4. 13,平19. 4. 13,矯歯 / 現存,診療所,,,,,,,,,,,,,,

81.0,01-3392-5,むさしデンタルオフィス,〒010－0912,秋田市保戸野通町４番８号,018-853-8214,医療法人哲風会　理事長　武蔵　哲貞,武蔵　哲貞 / 新規 / 令元. 8. 17,平19. 8. 17,歯　矯歯　小歯　歯外 / 現存,診療所,,,,,,,,,,,,,,

82.0,01-3393-3,下北手かねた歯科クリニック,〒010－0051,秋田市下北手松崎字家ノ前１８２－３,018-853-9341,金田　一衛,金田　一衛 / 新規 / 令元. 9. 7,平19. 9. 7,歯　小歯　歯外 / 現存,診療所,,,,,,,,,,,,,,

83.0,01-3395-8,はまなす歯科クリニック,〒010－0802,秋田市外旭川字前谷地４１番１,018-847-5888,永瀬　聡,永瀬　聡 / 移動 / 令元. 10. 7,平19. 10. 7,歯　小歯　歯外 / 現存,診療所,,,,,,,,,,,,,,

84.0,01-3398-2,ＤｅｎｔａｌＣａｒｅオリーブ歯科クリニック,〒010－0955,秋田市山王中島町２－２５,018-866-4004,稲葉　茂,稲葉　茂 / 新規 / 令2. 1. 11,平20. 1. 11,歯　小歯 / 現存,診療所,,,,,,,,,,,,,,

85.0,01-3402-2,ほどの歯科クリニック,〒010－0901,秋田市保戸野桜町１９番３号,018-865-3020,医療法人　晴功会　理事長　鷲谷　一晴,佐々木　憲治 / 新規 / 令2. 6. 2,平20. 6. 2,歯　矯歯　小歯　歯外 / 現存,診療所,,,,,,,,,,,,,,

86.0,01-3404-8,すま歯科医院,〒011－0943,秋田市土崎港南一丁目１４番９号,018-845-1768,須磨　良行,須磨　良行 / 新規 / 令3. 1. 6,平21. 1. 6,歯　矯歯　小歯　歯外 / 現存,診療所,,,,,,,,,,,,,,

87.0,01-3406-3,せき歯科クリニック,〒010－0063,秋田市牛島西三丁目６番１６号,018-874-7717,関　宏,関　宏 / 新規 / 令3. 11. 5,平21. 11. 5,歯　歯外 / 現存,診療所,,,,,,,,,,,,,,

88.0,01-3407-1,あんどう矯正歯科クリニック,〒010－0003,秋田市東通四丁目４番１８号,018-837-6480,医療法人　Ｓａｃｒｅｄ　Ａｒｔｓ　理事長　安藤　葉介,安藤　葉介 / 移動 / 令3. 10. 16,平21. 10. 16,矯歯 / 現存,診療所,,,,,,,,,,,,,,

89.0,01-3409-7,泉南デンタルクリニック,〒010－0918,秋田市泉南１丁目２番２号,018-867-8880,医療法人　恭栄会　理事長　佐藤　瑞香,佐藤　瑞香 / 移動 / 令3. 10. 14,平21. 10. 14,歯　矯歯　小歯　歯外 / 現存,診療所,,,,,,,,,,,,,,

90.0,01-3413-9,柏木歯科,〒010－0041,秋田市広面字土手下４１－１,018-832-9162,柏木　了,柏木　了 / 交代 / 令4. 10. 15,平22. 10. 15,歯 / 現存,診療所,,,,,,,,,,,,,,

91.0,01-3415-4,南浦歯科クリニック,〒010－0014,秋田市南通宮田１番３号,018-836-1184,南浦　公夫,南浦　公夫 / 組織変更 / 令5. 1. 1,平23. 1. 1,歯　矯歯　小歯 / 現存,診療所,,,,,,,,,,,,,,

92.0,01-3416-2,たんぽぽ歯科クリニック,〒010－0804,秋田市外旭川八幡田一丁目１１番３７号,018-868-4108,大瀧　祥子,大瀧　祥子 / 新規 / 令5. 2. 1,平23. 2. 1,歯　小歯 / 現存,診療所,,,,,,,,,,,,,,

93.0,01-3417-0,遠藤歯科クリニック,〒010－0001,秋田市中通二丁目８番１号フォンテＡＫＩＴＡ４階,018-835-1010,医療法人　千成会　理事長　千葉　利昭,泉谷　和弘 / 移動 / 令5. 3. 1,平23. 3. 1,歯　小歯　歯外 / 現存,診療所,,,,,,,,,,,,,,

94.0,01-3421-2,たつやデンタルクリニック,〒010－0973,秋田市八橋本町二丁目１１－８,018-853-1480,佐々木　達哉,佐々木　達哉 / 新規 / 令6. 4. 2,平24. 4. 2,歯　小歯　歯外 / 現存,診療所,,,,,,,,,,,,,,

95.0,01-3422-0,キャッスル歯科室,〒010－0001,秋田市中通一丁目３番５号秋田キャッスルホテル２Ｆ,018-836-5454,医療法人　信康会　理事長　工藤　卓奥,工藤　卓奥 / 交代 / 令6. 10. 1,平24. 10. 1,歯　小歯　矯歯　歯外 / 現存,診療所,,,,,,,,,,,,,,

96.0,01-3425-3,かず歯科クリニック,〒010－0041,秋田市広面字昼寝２３－２,018-853-8211,長谷川　和弘,長谷川　和弘 / 新規 / 令元. 10. 1,平25. 10. 1,歯　歯外　小歯　矯歯 / 現存,診療所,,,,,,,,,,,,,,

97.0,01-3428-7,つね歯科クリニック,〒011－0947,秋田市飯島新町三丁目６－１,018-853-1840,五十嵐　常仁,五十嵐　常仁 / 新規 / 令2. 4. 1,平26. 4. 1,歯　小歯　歯外 / 現存,診療所,,,,,,,,,,,,,,

98.0,01-3431-1,おみ歯科クリニック,〒010－0972,秋田市八橋田五郎一丁目２－７,018-896-0055,医療法人　忠智会　理事長　畠山　忠臣,畠山　忠臣 / 交代 / 令2. 8. 1,平26. 8. 1,歯　小歯　矯歯 / 現存,診療所,,,,,,,,,,,,,,

99.0,01-3432-9,いしばし歯科医院,〒010－1414,秋田市御所野元町五丁目１２番３号,018-829-4618,医療法人　歯征会　理事長　石橋　征嗣,石橋　征嗣 / 交代 / 令3. 1. 1,平27. 1. 1,歯　歯外　小歯 / 現存,診療所,,,,,,,,,,,,,,

100.0,01-3435-2,ハピネス歯科クリニック,〒010－0062,秋田市牛島東７丁目１０番１号,018-874-9094,大久保　圭,大久保　圭 / 移動 / 令3. 3. 31,平27. 3. 31,歯　矯歯　小歯　歯外 / 現存,診療所,,,,,,,,,,,,,,

101.0,01-3436-0,たかはし歯科クリニック,〒010－0802,秋田市外旭川字三後田２２番地１,018-853-6253,髙橋　宗久,髙橋　宗久 / 新規 / 令3. 6. 1,平27. 6. 1,歯　小歯　歯外 / 現存,診療所,,,,,,,,,,,,,,

102.0,01-3437-8,おやすみ通り歯科医院,〒010－0943,秋田市川尻御休町１番１９号,018-824-6480,金田　紘幸,金田　紘幸 / 新規 / 令3. 10. 1,平27. 10. 1,歯　小歯　歯外 / 現存,診療所,,,,,,,,,,,,,,

103.0,01-3442-8,みやがた駅東歯科,〒010－0851,秋田市手形字西谷地１８２番地３,018-825-1150,宮形　養,宮形　養 / 新規 / 令4. 10. 1,平28. 10. 1,歯　小歯　歯外 / 現存,診療所,,,,,,,,,,,,,,

104.0,01-3443-6,すずの木歯科クリニック,〒010－0962,秋田市八橋大畑２丁目２－８,018-865-8211,鈴木　克典,鈴木　克典 / 新規 / 令5. 2. 7,平29. 2. 7,歯　歯外　矯歯　小歯 / 現存,診療所,,,,,,,,,,,,,,

105.0,01-3444-4,北インター歯科クリニック,〒010－0802,秋田市外旭川字小谷地４番地１,018-869-8461,医療法人　雄俊会　理事長　佐々木　俊哉,佐々木　俊哉 / 交代 / 令5. 2. 1,平29. 2. 1,歯　小歯　矯歯　歯外 / 現存,診療所,,,,,,,,,,,,,,

106.0,01-3447-7,さくらのもり歯科医院,〒010－0042,秋田市桜２丁目２５番３号,018-893-6618,逸見　健明,逸見　健明 / 新規 / 令5. 5. 1,平29. 5. 1,歯　小歯　歯外 / 現存,診療所,,,,,,,,,,,,,,

107.0,01-3448-5,あいば歯科医院,〒010－0065,秋田市茨島２－３－２,018-863-8787,医療法人　興仁会　理事長　相場　進,相場　進 / 移動 / 令5. 12. 11,平29. 12. 11,歯　小歯　歯外　矯歯 / 現存,診療所,,,,,,,,,,,,,,

108.0,01-3449-3,いわやスマイル歯科クリニック,〒011－0901,秋田市寺内字三千刈３７１番地１,018-827-3480,医療法人社団ＪＵＫＩ　理事長　岩谷　一寿,岩谷　一寿 / 組織変更 / 令6. 1. 1,平30. 1. 1,歯　小歯　矯歯　歯外 / 現存,診療所,,,,,,,,,,,,,,

109.0,01-3450-1,ひまわり歯科医院,〒010－0802,秋田市外旭川字野村２０１番地アーバンティ加賀屋Ａ号室,018-827-4080,日諸　雅人,日諸　雅人 / 新規 / 令6. 4. 1,平30. 4. 1,歯　歯外　小歯 / 現存,診療所,,,,,,,,,,,,,,

110.0,01-3451-9,山王大通り歯科,〒010－0951,秋田市山王２丁目１番５３号秋田山王２１ビル２０２号室,018-862-5011,細川　卓朗,細川　卓朗 / 新規 / 令6. 5. 1,平30. 5. 1,歯　小歯　歯外 / 現存,診療所,,,,,,,,,,,,,,

111.0,01-3453-5,ごとう歯科クリニック,〒010－0912,秋田市保戸野通町２番３０,018-862-2793,後藤　康,後藤　康 / 移動 / 令6. 10. 10,平30. 10. 10,歯　小歯　歯外 / 現存,診療所,,,,,,,,,,,,,,

112.0,01-3454-3,玉木デンタルクリニック,〒010－0925,秋田県秋田市旭南三丁目２番７３号,018-827-5427,医療法人慶尊会　理事長　玉木　克弥,玉木　克弥 / 組織変更 / 令7. 1. 1,平31. 1. 1,歯　小歯　矯歯　歯外 / 現存,診療所,,,,,,,,,,,,,,

113.0,01-3455-0,とし歯科クリニック,〒010－0917,秋田県秋田市泉中央三丁目１０番２４号,018-865-1181,医療法人あおば　理事長　三浦　利之,三浦　利之 / 組織変更 / 令7. 1. 4,平31. 1. 4,歯　矯歯　歯外　小歯 / 現存,診療所,,,,,,,,,,,,,,

114.0,01-3456-8,寺内歯科医院,〒011－0903,秋田市寺内油田２丁目５－２１Ｙシャトウビル１Ｆ,018-866-8085,和田　務,和田　務 / 交代 / 令7. 5. 1,令元. 5. 1,歯　小歯 / 現存,診療所,,,,,,,,,,,,,,

115.0,01-3458-4,秋田センター歯科広幡歯科,〒010－0001,秋田市中通六丁目１３番８号,018-833-2240,工藤　和子,工藤　和子 / 移動 / 令7. 6. 1,令元. 6. 1,歯　小歯　矯歯　歯外 / 現存,診療所,,,,,,,,,,,,,,

116.0,01-3460-0,医療法人　晃千会　バラジマ歯科クリニック,〒010－0065,秋田市茨島六丁目１０番１３号,018-838-4618,医療法人　晃千会　理事長　菊地　雅明,菊地　雅明 / 組織変更 / 令元. 8. 1,令元. 8. 1,歯　小歯　歯外 / 現存,診療所,,,,,,,,,,,,,,

117.0,01-3461-8,田中歯科医院,〒011－0903,秋田市寺内油田３丁目１５番３号,018-857-1133,田中　寛,田中　寛 / 移動 / 令元. 9. 1,令元. 9. 1,歯　矯歯　小歯 / 現存,診療所,,,,,,,,,,,,,,

118.0,01-3462-6,エンパイア歯科医院,〒010－0922,秋田市旭北栄町５番１０号,018-824-6758,医療法人エンパイア歯科医院　佐々木　健,佐々木　健 / 組織変更 / 令2. 8. 1,令2. 8. 1,歯 / 現存,診療所,,,,,,,,,,,,,,

119.0,01-3463-4,あらやクレール歯科クリニック,〒010－1623,秋田市新屋町字田尻沢１３１番地８,018-853-8338,都築　奈奈,都築　奈奈 / 新規 / 令2. 9. 1,令2. 9. 1,歯　小歯 / 現存,診療所,,,,,,,,,,,,,,

120.0,01-3465-9,武田歯科医院,〒010－0876,秋田市千秋公園１番２３号,018-833-6480,医療法人秀久会　理事長　武田　秀男,武田　秀男 / 組織変更 / 令3. 1. 1,令3. 1. 1,歯　小歯 / 現存,診療所,,,,,,,,,,,,,,

121.0,01-3466-7,ＣＬＯＶＥＲ　ＤＥＮＴＡＬ,〒010－0877,秋田市千秋矢留町６番３０号トーカンマンション千秋鷹匠橋１階,018-836-0968,医療法人社団山の丘よつば会　理事長　山岡　薫,山岡　薫 / 組織変更 / 令3. 2. 1,令3. 2. 1,歯　小歯　歯外 / 現存,診療所,,,,,,,,,,,,,,

122.0,01-3467-5,深川歯科医院,〒010－0001,秋田市中通二丁目５番１号クロッセ秋田４階,018-827-4182,医療法人佳聖会　理事長　深川　聖彦,東根　まりい / 新規 / 令3. 5. 1,令3. 5. 1,歯　歯外　小歯　矯歯 / 現存,診療所,,,,,,,,,,,,,,

123.0,01-3468-3,杉山歯科クリニック,〒010－0951,秋田市山王三丁目５番１５号,018-865-2257,医療法人聖山会　理事長　杉山　洋行,杉山　洋行 / 組織変更 / 令4. 1. 4,令4. 1. 4,歯　小歯　歯外　矯歯 / 現存,診療所,,,,,,,,,,,,,,

124.0,01-3469-1,くまがい日吉歯科医院,〒010－1623,秋田市新屋町字関町後２０５－１,018-828-5582,熊谷　淑子,熊谷　淑子 / 交代 / 令4. 1. 31,令4. 1. 31,歯　小歯 / 現存,診療所,,,,,,,,,,,,,,

125.0,01-3470-9,河原田歯科医院,〒010－0022,秋田市楢山南中町２－５,018-834-2302,河原田　佳代,河原田　佳代 / 交代 / 令4. 6. 21,令4. 6. 21,歯　矯歯　小歯 / 現存,診療所,,,,,,,,,,,,,,

126.0,01-3471-7,石田歯科医院,〒010－0011,秋田市南通亀の町５番７号,018-832-5482,医療法人鳩翔会　理事長　石田　達郎,石田　達郎 / 組織変更 / 令4. 7. 1,令4. 7. 1,歯　矯歯　小歯　歯外 / 現存,診療所,,,,,,,,,,,,,,

127.0,01-3472-5,医療法人ＡＢＥ　安倍歯科医院,〒010－0001,秋田市中通三丁目３番２８号,018-874-8390,医療法人ＡＢＥ　　理事長　小林　崇之,小林　崇之 / 組織変更 / 令4. 8. 1,令4. 8. 1,歯　歯外　矯歯　小歯 / 現存,診療所,,,,,,,,,,,,,,

128.0,01-3473-3,伊藤歯科医院,〒011－0946,秋田市土崎港中央１丁目１８－７,018-845-0607,伊藤　淳,伊藤　淳 / 交代 / 令5. 1. 1,令5. 1. 1,歯　矯歯 / 現存,診療所,,,,,,,,,,,,,,

129.0,01-3475-8,パール歯科クリニック,〒010－0862,秋田市手形田中１２番３７号,018-835-1674,妹尾　一輝,妹尾　一輝 / 交代 / 令5. 9. 10,令5. 9. 10,歯　小歯　矯歯　歯外 / 現存,診療所,,,,,,,,,,,,,,

130.0,01-3476-6,秋田アクアデンタルクリニック,〒010－0013,秋田市南通築地１１番２６号,018-884-0035,長橋　恒次,長橋　恒次 / 移動 / 令5. 12. 1,令5. 12. 1,歯　小歯　歯外 / 現存,診療所,,,,,,,,,,,,,,

131.0,01-3477-4,松田歯科医院,〒010－0917,秋田市泉中央二丁目６番１２号,018-863-2290,医療法人Ｔ＆Ｊ　Ｍｅｄｉｃａｌ　理事長　松田　哲朗,松田　哲朗 / 組織変更 / 令6. 1. 1,令6. 1. 1,歯　小歯　歯外　矯歯 / 現存,診療所,,,,,,,,,,,,,,

132.0,01-3478-2,広面さくらい歯科,〒010－0041,秋田市広面字昼寝４４番地２,018-874-7772,医療法人櫻井会　理事長　櫻井　義之,櫻井　義之 / 組織変更 / 令6. 2. 1,令6. 2. 1,歯　歯外　小歯　矯歯 / 現存,診療所,,,,,,,,,,,,,,

133.0,01-3479-0,小澤歯科医院,〒011－0946,秋田市土崎港中央５丁目１０－１４,018-845-0542,小澤　尚久,小澤　尚久 / 交代 / 令6. 5. 20,令6. 5. 20,歯　小歯　矯歯　歯外 / 現存,診療所,,,,,,,,,,,,,,

134.0,01-3480-8,ふじた矯正歯科,〒010－0854,秋田市手形山崎町４番２２号,018-837-8711,医療法人ＦＯＯ　理事長　藤田　俊哉,藤田　俊哉 / 組織変更 / 令6. 7. 1,令6. 7. 1,矯歯　歯 / 現存,診療所,,,,,,,,,,,,,,

135.0,01-3481-6,こばやし歯科クリニック,〒010－1424,秋田市御野場八丁目７番１号,018-829-2666,医療法人清勝会　理事長　小林　博典,小林　博典 / 組織変更 / 令6. 8. 1,令6. 8. 1,歯　小歯　歯外 / 現存,診療所,,,,,,,,,,,,,,

136.0,01-3482-4,医療法人ＧＲＩＴ　稲葉歯科医院,〒010－0932,秋田市川元開和町１０番２０号,018-862-4726,医療法人ＧＲＩＴ　理事長　稲葉　友良,稲葉　友良 / 組織変更 / 令6. 9. 1,令6. 9. 1,歯　矯歯　小歯 / 現存,診療所,,,,,,,,,,,,,,

137.0,01-3483-2,城東歯科クリニック,〒010－0003,秋田市東通五丁目８番３３号,018-834-1182,医療法人社団宝樹会　理事長　佐藤　弘樹,佐藤　弘樹 / 移動 / 令6. 12. 1,令6. 12. 1,歯　矯歯　小歯　歯外 / 現存,診療所,,,,,,,,,,,,,,

138.0,01-3484-0,スウェーデン歯科クリニック,〒010－0041,秋田市広面字近藤堰越３３番地１,018-835-2255,医療法人ももとせ　理事長　佐藤　直大,佐藤　直大 / 移動 / 令6. 12. 19,令6. 12. 19,歯　小歯　歯外　矯歯 / 現存,診療所,,,,,,,,,,,,,,

139.0,01-3485-7,とおる歯科医院,〒010－0802,秋田市外旭川字八幡田２１０番地,018-868-8469,医療法人孝豊会　理事長　有明　徹,有明　徹 / 組織変更 / 令7. 2. 1,令7. 2. 1,歯　小歯　歯外　矯歯 / 現存,診療所,,,,,,,,,,,,,,

140.0,01-3486-5,なかいちこども歯科クリニック,〒010－0001,秋田市中通１丁目４番４号エリアなかいち住宅棟一階,018-827-3885,氏家　隼人,氏家　隼人 / 交代 / 令7. 4. 1,令7. 4. 1,小歯　歯　矯歯　歯外 / 現存,診療所,,,,,,,,,,,,,,

141.0,01-3487-3,秋田おろし町歯科医院,〒010－0065,秋田市茨島４丁目６－１１,018-838-5306,鈴木　史人,鈴木　史人 / 新規 / 令7. 6. 1,令7. 6. 1,歯科 / 現存,診療所,,,,,,,,,,,,,,

142.0,02-3015-0,鈴木歯科医院,〒016－0817,能代市上町１０番２３号,0185-54-6630,医療法人能代歯科医療会　理事長　鈴木　洋一,鈴木　洋一 / 令6. 11. 15,昭48. 11. 15,歯　歯外 / 現存,診療所,,,,,,,,,,,,,,

143.0,02-3040-8,医療法人　能登歯科医院,〒016－0817,能代市上町８番２２号,0185-52-4617,医療法人能登歯科医院　理事長　能登　優,能登　優 / 令5. 1. 1,平5. 1. 1,歯 / 現存,診療所,,,,,,,,,,,,,,

144.0,02-3041-6,さとう歯科医院,〒016－0013,能代市向能代字上野１３８番地,0185-55-2636,医療法人　さとう歯科医院　理事長　佐藤　泰朗,佐藤　泰朗 / 令5. 6. 1,平5. 6. 1,歯　矯歯　小歯 / 現存,診療所,,,,,,,,,,,,,,

145.0,02-3043-2,南小林歯科医院,〒016－0837,能代市西赤沼３６番地５,0185-55-0666,医療法人　南小林歯科医院　理事長　小林　聡,小林　聡 / 令5. 9. 1,平5. 9. 1,歯 / 現存,診療所,,,,,,,,,,,,,,

146.0,02-3046-5,梅田歯科医院,〒016－0844,能代市花園町２７番１７号,0185-54-2807,医療法人梅田歯科医院　理事長　梅田　正史,梅田　正史 / 令6. 1. 1,平6. 1. 1,歯　小歯　歯外 / 現存,診療所,,,,,,,,,,,,,,

147.0,02-3047-3,森田歯科医院,〒016－0014,能代市落合字上前田１４１番地,0185-54-8880,医療法人恵徳会　理事長　森田　和弘,森田　和弘 / 令6. 1. 1,平6. 1. 1,歯 / 現存,診療所,,,,,,,,,,,,,,

148.0,02-3050-7,中和歯科医院,〒016－0854,能代市豊祥岱１番地４３,0185-55-0255,医療法人　中和歯科医院　理事長　佐藤　浩,佐藤　浩 / 令4. 1. 1,平7. 1. 1,歯 / 現存,診療所,,,,,,,,,,,,,,

149.0,02-3051-5,愛歯科,〒016－0872,能代市芝童森５番２号,0185-89-2005,芳賀　芳人,芳賀　芳人 / 新規 / 令4. 10. 15,平10. 10. 15,歯　小歯 / 現存,診療所,,,,,,,,,,,,,,

150.0,02-3052-3,よつじ歯科医院,〒016－0871,能代市昇平岱２４番１能代オフィスビル２階,0185-55-0061,四　登,四辻　登 / 新規 / 令4. 11. 16,平10. 11. 16,歯　矯歯　歯外 / 現存,診療所,,,,,,,,,,,,,,

151.0,02-3056-4,医療法人　ももデンタルクリニック,〒016－0856,能代市藤山３４番地１,0185-89-5515,医療法人　ももデンタルクリニック　理事長　大塚　英幸,大塚　英幸 / 新規 / 令3. 11. 1,平15. 11. 1,歯　矯歯　小歯　歯外 / 現存,診療所,,,,,,,,,,,,,,

152.0,02-3060-6,大山歯科クリニック,〒016－0185,能代市下瀬３３－４,0185-52-8088,医療法人　宏明会　理事長　大山　知宏,大山　知宏 / 組織変更 / 令6. 3. 1,平18. 3. 1,歯　矯歯　小歯　歯外 / 現存,診療所,,,,,,,,,,,,,,

153.0,02-3061-4,横山歯科医院,〒016－0816,能代市富町８－２４,0185-52-2935,横山　知彦,横山　知彦 / 交代 / 令2. 10. 15,平20. 10. 15,歯　小歯　歯外 / 現存,診療所,,,,,,,,,,,,,,

154.0,02-3062-2,みどり歯科医院,〒016－0851,能代市緑町２番３５号,0185-55-3221,医療法人みどり歯科医院　理事長　佐藤　勤一,佐藤　勤一 / 組織変更 / 令4. 7. 12,平22. 7. 12,歯　矯歯　小歯　歯外 / 現存,診療所,,,,,,,,,,,,,,

155.0,02-3064-8,わかオーラルヘルスケアクリニック,〒016－0856,能代市字藤山１１０,0185-88-8257,大塚　和歌子,大塚　和歌子 / 新規 / 令2. 9. 12,平26. 9. 12,歯　小歯 / 現存,診療所,,,,,,,,,,,,,,

156.0,02-3065-5,みなみ歯科,〒016－0171,能代市河戸川字大須賀５２番地３,0185-52-8117,医療法人佳聖会　理事長　深川　聖彦,深川　聖彦 / 交代 / 令2. 9. 1,平26. 9. 1,歯　矯歯　小歯　歯外 / 現存,診療所,,,,,,,,,,,,,,

157.0,02-3068-9,平沢歯科医院,〒016－0803,能代市大町１－２５,0185-54-8148,庄司　尚人,庄司　尚人 / 移動 / 令5. 8. 21,平29. 8. 21,歯　小歯 / 現存,診療所,,,,,,,,,,,,,,

158.0,02-3069-7,医療法人社団　翔水会　まもる歯科クリニック,〒016－0891,能代市西通町２番４４号,0185-88-8989,医療法人社団　翔水会　理事長　水木　守,水木　守 / 組織変更 / 令6. 2. 1,平30. 2. 1,歯　歯外　小歯　矯歯 / 現存,診療所,,,,,,,,,,,,,,

159.0,02-3070-5,織田歯科医院,〒016－0821,秋田県能代市畠町８番８号,0185-55-1238,織田　牧夫,織田　牧夫 / 移動 / 令6. 12. 17,平30. 12. 17,歯　矯歯　小歯　歯外 / 現存,診療所,,,,,,,,,,,,,,

160.0,02-3071-3,むらおか歯科,〒016－0892,能代市景林町１３－１,0185-54-2851,村岡　紘和,村岡　紘和 / 新規 / 令4. 5. 14,令4. 5. 14,歯　小歯　歯外 / 現存,診療所,,,,,,,,,,,,,,

161.0,02-3072-1,松野歯科医院,〒016－0805,能代市大手町１－７,0185-52-5544,松野　暁,松野　暁 / 交代 / 令4. 10. 4,令4. 10. 4,歯　小歯　歯外 / 現存,診療所,,,,,,,,,,,,,,

162.0,02-3073-9,大倉訪問歯科クリニック,〒016－0873,能代市長崎１９４－５８,090-2849-0295,大倉　和順,大倉　和順 / 新規 / 令6. 9. 1,令6. 9. 1,歯 / 現存,診療所,,,,,,,,,,,,,,

163.0,03-3022-4,渡部歯科医院,〒013－0812,横手市金沢本町字本町４,0182-37-2511,渡部　栄太,渡部　栄太 / 令5. 4. 3,昭59. 4. 3,歯 / 現存,診療所,,,,,,,,,,,,,,

164.0,03-3023-2,ＤＥＮＴＡＬ　ＣＬＩＮＩＣ　田島歯科,〒013－0035,横手市平和町２－１,0182-32-8100,田島　道行,田島　道行 / 令5. 7. 16,昭59. 7. 16,歯　小歯 / 現存,診療所,,,,,,,,,,,,,,

165.0,03-3025-7,照井歯科医院,〒013－0064,横手市赤坂字大道向１４－２,0182-33-3321,照井　裕之,照井　裕之 / 令4. 6. 16,昭61. 6. 16,歯　小歯 / 現存,診療所,,,,,,,,,,,,,,

166.0,03-3026-5,横手駅前歯科医院,〒013－0036,横手市駅前町３－１４,0182-32-6480,小松　肇,小松　肇 / 令6. 4. 16,昭63. 4. 16,歯　小歯 / 現存,診療所,,,,,,,,,,,,,,

167.0,03-3027-3,鈴木歯科,〒013－0022,横手市四日町４－８,0182-36-1184,鈴木　明,鈴木　明 / 令5. 10. 16,平2. 10. 16,歯　矯歯　小歯　歯外 / 現存,診療所,,,,,,,,,,,,,,

168.0,03-3034-9,朝日が丘歯科医院,〒013－0055,横手市朝日が丘３丁目１番１号,0182-33-8241,俵谷　保,俵谷　保 / 令6. 2. 1,平6. 2. 1,歯　小歯　歯外　矯歯 / 現存,診療所,,,,,,,,,,,,,,

169.0,03-3035-6,旭川歯科クリニック,〒013－0033,横手市旭川二丁目３番３１号,0182-33-6480,医療法人陽明会　理事長　和賀　正明,和賀　正明 / 組織変更 / 令5. 9. 1,平8. 9. 1,歯　矯歯　小歯　歯外 / 現存,診療所,,,,,,,,,,,,,,

170.0,03-3036-4,藤田歯科クリニック,〒013－0042,横手市前郷字大乗院塚４５－３,0182-36-0077,藤田　豊貴,藤田　豊貴 / 新規 / 令6. 8. 25,平9. 8. 25,歯 / 現存,診療所,,,,,,,,,,,,,,

171.0,03-3040-6,石田歯科医院,〒013－0025,横手市寿町３－２,0182-32-2482,石田　知也,石田　知也 / 交代 / 令3. 8. 1,平15. 8. 1,歯 / 現存,診療所,,,,,,,,,,,,,,

172.0,03-3042-2,横手みなみ歯科,〒013－0063,横手市婦気大堤字婦気前２４４－６,0182-32-1182,橋村　剛志,橋村　剛志 / 新規 / 令3. 12. 6,平15. 12. 6,歯　矯歯　小歯　歯外 / 現存,診療所,,,,,,,,,,,,,,

173.0,03-3044-8,小川歯科医院,〒013－0021,横手市大町７番１９号,0182-32-0019,小川　欽也,小川　欽也 / 交代 / 令5. 1. 1,平17. 1. 1,歯　小歯　歯外 / 現存,診療所,,,,,,,,,,,,,,

174.0,03-3048-9,小野歯科医院,〒013－0205,横手市雄物川町今宿字今宿７５,0182-22-4106,小沢　潤吉,小沢　潤吉 / 令6. 8. 1,昭51. 8. 1,歯 / 現存,診療所,,,,,,,,,,,,,,

175.0,03-3052-1,十文字歯科クリニック,〒019－0524,横手市十文字町本町６－５,0182-42-1315,佐藤　元信,佐藤　元信 / 令5. 6. 1,昭56. 6. 1,歯　小歯 / 現存,診療所,,,,,,,,,,,,,,

176.0,03-3054-7,後藤歯科医院,〒019－0701,横手市増田町増田字月山西１３－４,0182-45-4801,後藤　浩美,後藤　浩美 / 令4. 4. 17,平元. 4. 17,歯　小歯　歯外 / 現存,診療所,,,,,,,,,,,,,,

177.0,03-3055-4,石川歯科医院,〒019－0527,横手市十文字町大道東５５－５,0182-42-0177,石川　秀夫,石川　秀夫 / 令4. 8. 21,平元. 8. 21,歯 / 現存,診療所,,,,,,,,,,,,,,

178.0,03-3057-0,佐藤歯科診療所,〒013－0105,横手市平鹿町浅舞字浅舞３８３番地,0182-24-1001,佐藤　直,佐藤　直 / 令5. 2. 16,平5. 2. 16,歯 / 現存,診療所,,,,,,,,,,,,,,

179.0,03-3059-6,パール歯科,〒019－0529,横手市十文字町海道下３３番地１５,0182-42-4670,斉藤　祐子,斉藤　祐子 / 令6. 6. 6,平6. 6. 6,歯　矯歯　小歯 / 現存,診療所,,,,,,,,,,,,,,

180.0,03-3060-4,石成歯科医院,〒013－0514,横手市大森町大中島５２０番地１,0182-26-2222,医療法人石成歯科医院　理事長　石成　勉,石成　勉 / 令5. 1. 15,平8. 1. 15,歯　小歯 / 現存,診療所,,,,,,,,,,,,,,

181.0,03-3061-2,梨木歯科医院,〒019－0509,横手市十文字町梨木字羽場下１４番９号,0182-55-2345,須田　泰夫,須田　泰夫 / 新規 / 令4. 9. 7,平10. 9. 7,歯　矯歯　小歯 / 現存,診療所,,,,,,,,,,,,,,

182.0,03-3063-8,あいのの歯科クリニック,〒019－1108,横手市山内土渕字中島８９番地１,0182-53-3555,医療法人　ヒロ・デンタル・プロデュース　理事長　竹田　浩人,石川　直樹 / 新規 / 令7. 2. 1,平13. 2. 1,歯　小歯　歯外 / 現存,診療所,,,,,,,,,,,,,,

183.0,03-3065-3,太田歯科医院,〒019－0524,横手市十文字町本町２３－４,0182-42-5585,太田　広輝,太田　広輝 / 新規 / 令元. 8. 1,平13. 8. 1,歯　小歯　歯外 / 現存,診療所,,,,,,,,,,,,,,

184.0,03-3066-1,だいご歯科医院,〒013－0102,横手市平鹿町醍醐字太茂田８番１,0182-56-0515,佐々木　千里,佐々木　千里 / 新規 / 令2. 5. 22,平14. 5. 22,歯　小歯 / 休止,診療所,,,,,,,,,,,,,,

185.0,03-3068-7,赤沢歯科医院,〒019－0701,横手市増田町増田字本町２番地１,0182-45-2037,赤澤　茂樹,赤澤　茂樹 / 新規 / 令4. 2. 1,平16. 2. 1,歯 / 現存,診療所,,,,,,,,,,,,,,

186.0,03-3071-1,小坂歯科医院,〒013－0022,横手市四日町６番２号,0182-36-4182,医療法人　小坂歯科医院　理事長　小坂　行雄,小坂　行雄 / 組織変更 / 令6. 1. 1,平18. 1. 1,歯　矯歯　小歯　歯外 / 現存,診療所,,,,,,,,,,,,,,

187.0,03-3072-9,医療法人　浅舞歯科クリニック,〒013－0106,横手市平鹿町中吉田字竹原８９－１,0182-24-1245,医療法人　浅舞歯科クリニック　理事長　佐藤　政志,佐藤　政志 / 組織変更 / 令6. 8. 1,平18. 8. 1,歯　小歯 / 現存,診療所,,,,,,,,,,,,,,

188.0,03-3074-5,小原歯科医院,〒019－0503,横手市十文字町西原１番町５０,0182-42-3525,山中　有紀子,山中　有紀子 / 交代 / 令2. 7. 1,平20. 7. 1,歯　小歯 / 現存,診療所,,,,,,,,,,,,,,

189.0,03-3075-2,ほそや歯科医院,〒013－0060,横手市条里二丁目３番１４号,0182-23-5084,細谷　養幸,細谷　養幸 / 新規 / 令2. 9. 3,平20. 9. 3,歯　小歯 / 現存,診療所,,,,,,,,,,,,,,

190.0,03-3076-0,吉川歯科クリニック,〒013－0062,横手市駅南３－４－２,0182-32-3722,吉川　圭一郎,吉川　圭一郎 / 交代 / 令2. 10. 31,平20. 10. 31,歯　小歯 / 現存,診療所,,,,,,,,,,,,,,

191.0,03-3077-8,ノレーブ歯科クリニック,〒013－0513,横手市大森町湯ノ島２４３－１,0182-38-8120,山野　浩樹,山野　浩樹 / 新規 / 令3. 5. 8,平21. 5. 8,歯　小歯　歯外 / 現存,診療所,,,,,,,,,,,,,,

192.0,03-3078-6,さくら歯科河原田矯正歯科,〒013－0060,横手市条里１丁目１７－１,0182-33-3763,加賀谷　桂,加賀谷　桂 / 交代 / 令3. 12. 3,平21. 12. 3,歯　矯歯　小歯 / 現存,診療所,,,,,,,,,,,,,,

193.0,03-3079-4,熊谷歯科クリニック,〒013－0036,横手市駅前町８－３,0182-32-8877,熊谷　克己,熊谷　克己 / 交代 / 令元. 10. 1,平25. 10. 1,歯　歯外　小歯 / 現存,診療所,,,,,,,,,,,,,,

194.0,03-3081-0,医療法人　十薬会　さかえ歯科医院,〒013－0051,横手市大屋新町字新町１６６番地５,0182-33-5623,医療法人　十薬会　理事長　和賀　卓,吉川　昌博 / 新規 / 令3. 5. 1,平27. 5. 1,歯　矯歯　小歯 / 現存,診療所,,,,,,,,,,,,,,

195.0,03-3082-8,歯科ヨコテクリニック,〒013－0046,横手市神明町１３－１７,0182-33-1201,阿部　東子,阿部　東子 / 交代 / 令4. 1. 1,平28. 1. 1,歯 / 現存,診療所,,,,,,,,,,,,,,

196.0,03-3083-6,医療法人　ささき歯科医院,〒013－0074,横手市三本柳字寺田１９７,0182-33-8020,医療法人　ささき歯科医院　理事長　佐々木　徹,佐々木　徹 / 組織変更 / 令5. 10. 1,平29. 10. 1,歯　歯外　小歯　矯歯 / 現存,診療所,,,,,,,,,,,,,,

197.0,03-3084-4,わたなべ歯科医院,〒013－0325,横手市大雄田根森東９４－３,0182-52-2112,渡邊　正樹,渡邊　正樹 / 新規 / 令6. 5. 1,平30. 5. 1,歯　小歯　矯歯　歯外 / 現存,診療所,,,,,,,,,,,,,,

198.0,03-3085-1,医療法人社団恵信会　すえひろ歯科医院,〒019－0505,横手市十文字町仁井田八萩９９番地４,0182-23-5322,医療法人社団　恵信会　理事長　石川　博宣,石川　博宣 / 交代 / 令6. 9. 1,平30. 9. 1,歯　小歯　歯外 / 現存,診療所,,,,,,,,,,,,,,

199.0,03-3086-9,松野歯科医院,〒019－0505,横手市十文字町仁井田字東１６番地１,0182-42-1542,医療法人　よつば会　理事長　松野　才,松野　才 / 組織変更 / 令7. 2. 1,平31. 2. 1,歯　小歯　矯歯　歯外 / 現存,診療所,,,,,,,,,,,,,,

200.0,03-3088-5,医療法人社団星和会　ほしの歯科医院,〒013－0024,横手市田中町４番３４号,0182-32-2344,医療法人社団星和会　理事長　星野　守,星野　守 / 組織変更 / 令2. 1. 6,令2. 1. 6,歯 / 現存,診療所,,,,,,,,,,,,,,

201.0,03-3089-3,鴻斗歯科医院,〒019－0701,横手市増田町増田字七日町１２８,0182-45-3140,石田　雄一,石田　雄一 / 交代 / 令2. 1. 1,令2. 1. 1,歯　小歯　矯歯　歯外 / 現存,診療所,,,,,,,,,,,,,,

202.0,03-3091-9,高橋デンタルクリニック,〒013－0063,横手市婦気大堤字谷地添６９番２,0182-33-5031,髙橋　陽一,高橋　陽一 / 移動 / 令3. 8. 9,令3. 8. 9,歯 / 現存,診療所,,,,,,,,,,,,,,

203.0,03-3092-7,よこて矯正歯科,〒013－0061,横手市横手町字五ノ口３３番地６,0182-23-6775,医療法人よこて矯正歯科　理事長　鈴木　誠,鈴木　誠 / 組織変更 / 令5. 2. 1,令5. 2. 1,矯歯 / 現存,診療所,,,,,,,,,,,,,,

204.0,04-3021-4,佐藤歯科医院,〒017－0874,大館市美園町５－５６,0186-49-2067,佐藤　茂直,佐藤　栄子 / 令5. 4. 1,昭53. 4. 1,歯 / 現存,診療所,,,,,,,,,,,,,,

205.0,04-3041-2,伊藤歯科医院,〒017－0046,大館市清水一丁目３－３７アルティ清水ビル２階,0186-42-3788,伊藤　宰恒,伊藤　宰恒 / 令5. 9. 1,平2. 9. 1,歯　小歯 / 現存,診療所,,,,,,,,,,,,,,

206.0,04-3042-0,根田歯科医院,〒017－0846,大館市常盤木町３－１４,0186-42-1733,根田　朋武,根田　朋武 / 令5. 9. 17,平2. 9. 17,歯　矯歯　小歯 / 現存,診療所,,,,,,,,,,,,,,

207.0,04-3044-6,医療法人　谷本歯科医院,〒017－0043,大館市有浦一丁目６－２３,0186-49-3588,医療法人　谷本歯科医院　理事長　谷本　博明,谷本　博明 / 令5. 10. 1,平2. 10. 1,歯　矯歯　小歯　歯外 / 現存,診療所,,,,,,,,,,,,,,

208.0,04-3046-1,とだ歯科医院,〒017－0881,大館市長木川南１６－６,0186-42-1134,戸田　正典,戸田　正典 / 令6. 10. 1,平3. 10. 1,歯 / 現存,診療所,,,,,,,,,,,,,,

209.0,04-3048-7,佐藤歯科桂城診療所,〒017－0893,大館市桂城８番地２３,0186-49-1136,医療法人歯友会　理事長　佐藤　正平,佐藤　正平 / 令5. 1. 1,平5. 1. 1,歯　一般　小歯 / 現存,診療所,,,,,,,,,,,,,,

210.0,04-3054-5,神歯科医院,〒017－0043,大館市有浦六丁目１番３３号,0186-43-1180,神　州一,神　州一 / 令5. 10. 15,平5. 10. 15,歯　矯歯　小歯 / 現存,診療所,,,,,,,,,,,,,,

211.0,04-3055-2,ありうら歯科医院,〒017－0043,大館市有浦三丁目２番６２号,0186-49-6480,高橋　正泰,高橋　正泰 / 令4. 5. 10,平7. 5. 10,歯 / 現存,診療所,,,,,,,,,,,,,,

212.0,04-3056-0,なかまち歯科クリニック,〒017－0843,大館市中町２８番地,0186-49-1811,片岡　英行,片岡　英行 / 令4. 6. 15,平7. 6. 15,歯 / 現存,診療所,,,,,,,,,,,,,,

213.0,04-3057-8,わたなべ歯科医院,〒017－0885,大館市豊町９番３２号,0186-45-0120,渡辺　徹,渡辺　徹 / 新規 / 令4. 1. 22,平10. 1. 22,歯　小歯　歯外　矯歯 / 現存,診療所,,,,,,,,,,,,,,

214.0,04-3059-4,医療法人　こう歯科,〒017－0872,大館市片山町三丁目２番３３号,0186-49-1000,医療法人　こう歯科　理事長　越前　康平,越前　康平 / 組織変更 / 令2. 3. 1,平14. 3. 1,歯 / 現存,診療所,,,,,,,,,,,,,,

215.0,04-3060-2,しん歯科クリニック,〒017－0045,大館市中道１丁目１－３,0186-43-6070,渡部　伸,渡部　伸 / 新規 / 令3. 4. 1,平15. 4. 1,歯　小歯　歯外 / 現存,診療所,,,,,,,,,,,,,,

216.0,04-3061-0,ひがしだい歯科クリニック,〒017－0803,大館市東台４－４－９３,0186-49-0418,齋藤　真,齋藤　真 / 新規 / 令3. 10. 16,平15. 10. 16,歯　矯歯　小歯　歯外 / 現存,診療所,,,,,,,,,,,,,,

217.0,04-3063-6,やまお歯科医院,〒018－3505,大館市早口字深沢岱４０－２２,0186-54-3322,山尾　克朗,山尾　克朗 / 令4. 7. 17,平4. 7. 17,歯 / 現存,診療所,,,,,,,,,,,,,,

218.0,04-3066-9,比内根田歯科医院,〒018－5701,大館市比内町扇田字長岡下１４－１１,0186-45-4181,根田　朋典,根田　朋典 / 新規 / 令5. 5. 19,平11. 5. 19,歯　小歯 / 現存,診療所,,,,,,,,,,,,,,

219.0,04-3067-7,メイホウデンタルクリニック,〒017－0814,大館市赤館町４－１５－１,0186-44-6480,福田　喜安,福田　喜安 / 新規 / 令6. 2. 15,平18. 2. 15,歯　小歯　歯外 / 現存,診療所,,,,,,,,,,,,,,

220.0,04-3069-3,ながぬまけんこう歯科,〒018－5603,大館市曲田字曲田６番地１,0186-52-3554,医療法人社団けんこう会　理事長　永沼　範子,永沼　範子 / 組織変更 / 令5. 1. 1,平23. 1. 1,歯　小歯　歯外 / 現存,診療所,,,,,,,,,,,,,,

221.0,04-3071-9,ながはしデンタルクリニック,〒017－0041,大館市大田面３９３番地１,0186-59-4901,長橋　泰次,長橋　泰次 / 新規 / 令元. 12. 1,平25. 12. 1,歯　小歯　矯歯　歯外 / 現存,診療所,,,,,,,,,,,,,,

222.0,04-3073-5,神成歯科医院,〒017－0842,大館市馬喰町２５,0186-42-0377,神成　勝典,神成　勝典 / 交代 / 令2. 1. 1,平26. 1. 1,歯　歯外　小歯　矯歯 / 現存,診療所,,,,,,,,,,,,,,

223.0,04-3075-0,小笠原歯科・矯正歯科,〒017－0883,大館市古川町３０番地１,0186-43-3161,医療法人社団　Ｓｍｉｌｅ　Ｐｒｏｄｕｃｔｓ　理事長　小笠原　正四,小笠原　正卓 / 移動 / 令元. 12. 1,令元. 12. 1,歯　小歯　矯歯 / 現存,診療所,,,,,,,,,,,,,,

224.0,04-3076-8,桂城矯正歯科,〒017－0803,大館市東台四丁目２番５７号,0186-59-4750,田中　信久,田中　信久 / 新規 / 令5. 4. 1,令5. 4. 1,矯歯 / 現存,診療所,,,,,,,,,,,,,,

225.0,05-3016-1,医療法人歯仁会　斎藤歯科診療所,〒015－0801,由利本荘市美倉町４７－１,0184-24-4182,医療法人歯仁会　斎藤歯科診療所　理事長　斎藤　光博,斉藤　光博 / 令6. 10. 1,昭54. 10. 1,歯　矯歯　小歯　歯外 / 現存,診療所,,,,,,,,,,,,,,

226.0,05-3025-2,藤原歯科医院,〒015－0021,由利本荘市大浦字八走１２４－１,0184-24-5270,藤原　元幸,藤原　元幸 / 令4. 9. 1,昭58. 9. 1,歯　小歯　歯外 / 現存,診療所,,,,,,,,,,,,,,

227.0,05-3028-6,金子歯科医院,〒015－0861,由利本荘市御門２２４－２,0184-24-1550,金子　恵三,金子　恵三 / 令5. 11. 2,平2. 11. 2,歯　矯歯　小歯 / 現存,診療所,,,,,,,,,,,,,,

228.0,05-3029-4,医療法人　大坂歯科医院,〒015－0013,由利本荘市石脇田尻野２２－３１,0184-24-4156,医療法人　大坂歯科医院　理事長　大坂　直人,大坂　直人 / 令4. 8. 1,平4. 8. 1,歯　矯歯　小歯　歯外 / 現存,診療所,,,,,,,,,,,,,,

229.0,05-3031-0,五味デンタルクリニック,〒015－0051,由利本荘市川口字家後７９番地１,0184-22-8453,五味　明雄,五味　明雄 / 令5. 3. 18,平8. 3. 18,歯　矯歯　小歯 / 現存,診療所,,,,,,,,,,,,,,

230.0,05-3033-6,鈴木歯科クリニック,〒015－0014,由利本荘市石脇山ノ神１１番１１１５,0184-27-1182,鈴木　道郎,鈴木　道郎 / 新規 / 令5. 9. 2,平8. 9. 2,歯 / 現存,診療所,,,,,,,,,,,,,,

231.0,05-3036-9,おおくま歯科クリニック,〒015－0836,由利本荘市赤沼下４２３番地１,0184-23-6633,大熊　炬,大熊　炬 / 新規 / 令3. 3. 24,平15. 3. 24,歯　小歯　歯外 / 現存,診療所,,,,,,,,,,,,,,

232.0,05-3039-3,ほかり歯科医院,〒015－0404,由利本荘市矢島町七日町字栩木田１－２１,0184-55-4325,甫仮　隆太,甫仮　隆太 / 交代 / 令7. 4. 2,平13. 4. 2,歯　小歯　歯外 / 現存,診療所,,,,,,,,,,,,,,

233.0,05-3040-1,いわきＳｕｎ歯科クリニック,〒018－1301,由利本荘市岩城内道川字新鶴潟３番地８,0184-74-6188,医療法人　恭栄会　理事長　佐藤　瑞香,川原田　啓 / 組織変更 / 令6. 11. 1,平12. 11. 1,歯　小歯　歯外 / 現存,診療所,,,,,,,,,,,,,,

234.0,05-3041-9,蔵小路歯科クリニック,〒018－1218,由利本荘市岩城亀田大町字蔵小路１１,0184-62-5858,佐々木　圭介,佐々木　圭介 / 新規 / 令3. 12. 12,平15. 12. 12,歯　小歯 / 現存,診療所,,,,,,,,,,,,,,

235.0,05-3043-5,あいば歯科クリニック,〒018－0604,由利本荘市西目町沼田字弁天前４０番地３１７,0184-33-4300,相庭　慎太郎,相庭　慎太郎 / 新規 / 令4. 4. 17,平10. 4. 17,歯　矯歯　小歯　歯外 / 現存,診療所,,,,,,,,,,,,,,

236.0,05-3046-8,医療法人　小松歯科医院,〒015－0221,由利本荘市東由利舘合字舘前２３－２,0184-69-3838,医療法人小松歯科医院　理事長　小松　周平,小松　周平 / 令6. 2. 1,平3. 2. 1,歯　矯歯　小歯　歯外 / 現存,診療所,,,,,,,,,,,,,,

237.0,05-3047-6,鈴木歯科診療所,〒018－0731,由利本荘市大内三川字白山田８６番地１,0184-65-2685,医療法人大内会　理事長　鈴木　文登,鈴木　文登 / 令6. 11. 1,平6. 11. 1,歯 / 現存,診療所,,,,,,,,,,,,,,

238.0,05-3048-4,金内歯科医院,〒018－0711,由利本荘市岩谷町字日渡２５２番地,0184-65-2323,医療法人ケーディーシィー　理事長　金内　洋光,浅野　憲忠 / 組織変更 / 令5. 12. 1,平11. 12. 1,歯　小歯 / 現存,診療所,,,,,,,,,,,,,,

239.0,05-3049-2,東京ホワイト歯科,〒015－0051,由利本荘市川口字八幡前２５２の１,0184-22-1882,正木　敏博,正木　敏博 / 新規 / 令5. 7. 11,平17. 7. 11,歯　矯歯　小歯　歯外 / 現存,診療所,,,,,,,,,,,,,,

240.0,05-3050-0,藤丸歯科クリニック,〒015－0803,由利本荘市中竪町１８－１,0184-22-5023,藤丸　聡,藤丸　聡 / 新規 / 令5. 10. 15,平17. 10. 15,歯　小歯 / 現存,診療所,,,,,,,,,,,,,,

241.0,05-3051-8,しんどう歯科クリニック,〒015－0875,由利本荘市砂子下７－３,0184-28-1123,進藤　健太,進藤　健太 / 新規 / 令6. 3. 16,平18. 3. 16,歯　小歯　歯外 / 現存,診療所,,,,,,,,,,,,,,

242.0,05-3053-4,あらまち歯科医院,〒015－0065,由利本荘市荒町字改６５－１,0184-23-6487,鈴木　精智,鈴木　精智 / 新規 / 令6. 6. 14,平18. 6. 14,歯　矯歯　小歯 / 現存,診療所,,,,,,,,,,,,,,

243.0,05-3054-2,医療法人瑞雲会　工藤歯科医院,〒015－0072,由利本荘市裏尾崎町１０番２,0184-22-4515,医療法人瑞雲会　理事長　工藤　利仁,工藤　利仁 / 組織変更 / 令7. 5. 1,平19. 5. 1,歯　矯歯　小歯　歯外 / 現存,診療所,,,,,,,,,,,,,,

244.0,05-3055-9,さはら歯科クリニック,〒015－0851,由利本荘市中梵天１００番地１,0184-74-4118,佐原　健司,佐原　健司 / 新規 / 令2. 4. 21,平20. 4. 21,歯　矯歯　小歯　歯外 / 現存,診療所,,,,,,,,,,,,,,

245.0,05-3059-1,西目はまなす歯科,〒018－0604,由利本荘市西目町沼田字新道下二丁目１９番地,0184-33-4055,医療法人　信康会　理事長　工藤　卓奥,川島　敏宏 / 交代 / 令6. 10. 1,平24. 10. 1,歯　小歯　歯外　矯歯 / 現存,診療所,,,,,,,,,,,,,,

246.0,05-3061-7,武田歯科医院,〒015－0811,由利本荘市桶屋町１２４,0184-22-5208,武田　瞬,武田　瞬 / 交代 / 令7. 6. 3,平25. 6. 3,歯　小歯　歯外 / 現存,診療所,,,,,,,,,,,,,,

247.0,05-3062-5,さいとうデンタルクリニック,〒015－0843,由利本荘市東梵天１９０－１,0184-74-3110,齋藤　隆輔,齋藤　隆輔 / 新規 / 令元. 10. 2,平25. 10. 2,歯　歯外 / 現存,診療所,,,,,,,,,,,,,,

248.0,05-3064-1,二古歯科診療所,〒018－1305,由利本荘市岩城二古字横砂子１－６７,018-474-7388,三浦　直幸,三浦　直幸 / 新規 / 令4. 7. 1,平28. 7. 1,歯　小歯　歯外 / 現存,診療所,,,,,,,,,,,,,,

249.0,05-3065-8,志村歯科医院,〒015－0075,由利本荘市花畑町一丁目４,0184-22-1787,志村　崇,志村　崇 / 移動 / 令6. 5. 16,平30. 5. 16,歯 / 現存,診療所,,,,,,,,,,,,,,

250.0,05-3066-6,医療法人敬慶会　御門歯科クリニック,〒015－0077,由利本荘市本田仲町７２番地柳原ビル１階,0184-23-8241,医療法人敬慶会　理事長　大貫　敬嘉,大貫　敬嘉 / 組織変更 / 令2. 1. 4,令2. 1. 4,歯　矯歯　小歯　歯外 / 現存,診療所,,,,,,,,,,,,,,

251.0,05-3067-4,いしだ歯科診療所,〒015－0501,由利本荘市鳥海町伏見字山添７５－５,0184-57-2211,石田　千春,石田　千春 / 組織変更 / 令2. 8. 1,令2. 8. 1,歯 / 現存,診療所,,,,,,,,,,,,,,

252.0,06-3015-1,小林歯科医院,〒010－0683,男鹿市北浦北浦字栄町３番地の１,0185-33-3366,小林　一,小林　一 / 令5. 11. 2,昭62. 11. 2,歯　小歯 / 現存,診療所,,,,,,,,,,,,,,

253.0,06-3019-3,志田歯科医院,〒010－0503,男鹿市船川港金川字金川台１－２,0185-24-3800,医療法人豊和会　理事長　志田　豊輔,志田　豊輔 / 令5. 12. 3,平2. 12. 3,歯　矯歯　小歯 / 現存,診療所,,,,,,,,,,,,,,

254.0,06-3021-9,児玉歯科医院,〒010－0341,男鹿市船越字前野９８－９０,0185-35-4616,児玉　元,児玉　元 / 令4. 10. 4,平7. 10. 4,歯　小歯　歯外 / 現存,診療所,,,,,,,,,,,,,,

255.0,06-3022-7,医療法人清水歯科医院,〒010－0341,男鹿市船越字本町１番２９号,0185-35-3737,医療法人清水歯科医院　理事長　清水　隆夫,清水　隆夫 / 組織変更 / 令6. 6. 1,平12. 6. 1,歯　矯歯　小歯　歯外 / 現存,診療所,,,,,,,,,,,,,,

256.0,06-3023-5,森山歯科医院,〒010－0511,男鹿市船川港船川字船川５１番地,0185-24-3516,森山　眞司,森山　眞司 / 交代 / 令7. 1. 1,平13. 1. 1,歯 / 休止,診療所,,,,,,,,,,,,,,

257.0,06-3024-3,もりやま歯科医院,〒010－0344,男鹿市脇本富永字野田１２番地２,0185-25-3054,森山　広之,森山　広之 / 交代 / 令7. 4. 1,平13. 4. 1,歯 / 現存,診療所,,,,,,,,,,,,,,

258.0,06-3026-8,わきもと歯科医院,〒010－0342,男鹿市脇本脇本字石館３１－１,0185-22-2456,後藤　明俊,後藤　明俊 / 新規 / 令3. 9. 1,平15. 9. 1,歯　小歯 / 現存,診療所,,,,,,,,,,,,,,

259.0,06-3029-2,わかみ歯科クリニック,〒010－0422,男鹿市角間崎字百目木４８－１,0185-46-2828,医療法人　わかみ歯科クリニック　理事長　小玉　尚伸,小玉　尚伸 / 組織変更 / 令6. 1. 1,平18. 1. 1,歯 / 現存,診療所,,,,,,,,,,,,,,

260.0,06-3031-8,まきた歯科医院,〒010－0341,男鹿市船越字内子２２４－７３,0185-27-8277,牧田　眞一郎,牧田　眞一郎 / 新規 / 令7. 2. 1,平25. 2. 1,歯　小歯　歯外 / 現存,診療所,,,,,,,,,,,,,,

261.0,06-3033-4,ふただ歯科クリニック,〒010－0341,男鹿市船越字内子１８７番地２,0185-27-8241,医療法人ヒロ・デンタル・プロデュース　理事長　竹田　浩人,小沼　雄太 / 交代 / 令6. 10. 1,令6. 10. 1,歯　小歯　矯歯　歯外 / 現存,診療所,,,,,,,,,,,,,,

262.0,07-3022-5,田尻歯科医院,〒012－0844,湯沢市田町２－５－３５,0183-72-1288,田尻　聡,田尻　聡 / 令6. 4. 5,昭60. 4. 5,歯　小歯 / 現存,診療所,,,,,,,,,,,,,,

263.0,07-3023-3,芳賀歯科医院,〒012－0814,湯沢市大工町２－２９,0183-73-8148,芳賀　久志,芳賀　久志 / 令6. 11. 5,昭60. 11. 5,歯 / 現存,診療所,,,,,,,,,,,,,,

264.0,07-3024-1,木村歯科医院,〒012－0036,湯沢市両神１３８－１,0183-72-1120,木村　貞昭,木村　貞昭 / 令6. 11. 1,昭63. 11. 1,歯　歯外 / 現存,診療所,,,,,,,,,,,,,,

265.0,07-3028-2,愛宕歯科クリニック,〒012－0868,湯沢市西愛宕町５番１２号,0183-72-6855,三澤　健士,三澤　健士 / 令4. 12. 8,平4. 12. 8,歯 / 現存,診療所,,,,,,,,,,,,,,

266.0,07-3032-4,湯沢歯科クリニック,〒012－0827,湯沢市表町二丁目７番３３号,0183-73-2098,医療法人　湯沢歯科クリニック　理事長　高橋　克彦,高橋　克彦 / 令5. 8. 1,平5. 8. 1,歯 / 現存,診療所,,,,,,,,,,,,,,

267.0,07-3033-2,大山歯科医院,〒012－0011,湯沢市森字大島４３番７号,0183-72-4222,大山　賢二郎,大山　賢二郎 / 令4. 9. 15,平7. 9. 15,歯 / 現存,診療所,,,,,,,,,,,,,,

268.0,07-3034-0,石田歯科医院,〒012－0803,湯沢市杉沢新所字頭首沢１６番２号,0183-72-2510,石田　晴夫,石田　晴夫 / 令5. 3. 11,平8. 3. 11,歯 / 現存,診療所,,,,,,,,,,,,,,

269.0,07-3035-7,佐野歯科医院,〒012－0015,湯沢市倉内字布川５番４、５番６,0183-72-8686,佐野　治義,佐野　治義 / 令5. 7. 15,平8. 7. 15,歯 / 現存,診療所,,,,,,,,,,,,,,

270.0,07-3036-5,川連歯科医院,〒012－0105,湯沢市川連町字大舘上山王１７番１０号,0183-42-4666,高橋　寿,高橋　寿 / 令4. 10. 18,平元. 10. 18,歯　矯歯　小歯 / 現存,診療所,,,,,,,,,,,,,,

271.0,07-3039-9,姉崎歯科医院,〒019－0205,湯沢市小野字西堺９１－３,0183-52-2330,姉崎　研哉,姉崎　研哉 / 令6. 7. 1,昭63. 7. 1,歯　矯歯　小歯 / 現存,診療所,,,,,,,,,,,,,,

272.0,07-3041-5,新山歯科医院,〒012－0183,湯沢市皆瀬字下菅生１４－１,0183-46-2002,新山　重美,新山　重美 / 令6. 11. 1,昭63. 11. 1,歯 / 現存,診療所,,,,,,,,,,,,,,

273.0,07-3043-1,高橋歯科医院,〒012－0801,湯沢市岩崎字岩崎７１番地,0183-73-2911,医療法人　里仁会　理事長　高橋　章子,高橋　章子 / 組織変更 / 令5. 11. 1,平17. 11. 1,歯 / 現存,診療所,,,,,,,,,,,,,,

274.0,07-3045-6,秋野歯科医院,〒019－0204,湯沢市横堀字旭町３７,0183-52-2511,秋野　一尚,秋野　一尚 / 交代 / 令2. 4. 1,平20. 4. 1,歯　矯歯　小歯　歯外 / 現存,診療所,,,,,,,,,,,,,,

275.0,07-3046-4,田中歯科医院,〒012－0841,湯沢市大町一丁目２番３５号,0183-73-2314,山中　恒明,山中　恒明 / 移動 / 令5. 10. 4,平23. 10. 4,歯　矯歯 / 現存,診療所,,,,,,,,,,,,,,

276.0,07-3047-2,佐藤歯科医院,〒012－0813,湯沢市前森１－２－１１,0183-73-2720,佐藤　達志,佐藤　達志 / 交代 / 令6. 4. 1,平24. 4. 1,歯　小歯　歯外 / 現存,診療所,,,,,,,,,,,,,,

277.0,07-3048-0,大友歯科医院,〒012－0845,湯沢市材木町一丁目２－３６,0183-72-1181,大友　佳寿,大友　佳寿 / 交代 / 令7. 6. 1,平25. 6. 1,歯　小歯　歯外　矯歯 / 現存,診療所,,,,,,,,,,,,,,

278.0,07-3049-8,山本歯科医院,〒012－0857,湯沢市千石町４－１－２０,0183-72-6859,小原　妥子,小原　妥子 / 交代 / 令5. 6. 1,平29. 6. 1,歯 / 現存,診療所,,,,,,,,,,,,,,

279.0,07-3050-6,守口歯科クリニック,〒012－0824,湯沢市佐竹町７番３０号,0183-73-4646,守口　修,守口　修 / 移動 / 令6. 11. 30,平30. 11. 30,小歯　歯 / 現存,診療所,,,,,,,,,,,,,,

280.0,07-3051-4,小番歯科医院,〒012－0824,湯沢市佐竹町９－３４,0183-73-2647,小番　健司,小番　健司 / 交代 / 令7. 5. 1,令元. 5. 1,歯　小歯　矯歯　歯外 / 現存,診療所,,,,,,,,,,,,,,

281.0,07-3052-2,こまちデンタルクリニック,〒012－0106,湯沢市三梨町字烏帽子橋７１番２,0183-56-7455,横川　嶺,横川　嶺 / 新規 / 令2. 3. 1,令2. 3. 1,歯　歯外　小歯　矯歯 / 現存,診療所,,,,,,,,,,,,,,

282.0,08-3017-3,高橋ひろし歯科医院,〒014－0046,大仙市大曲田町１２－２０,0187-63-1230,高橋　弘,高橋　弘 / 令4. 9. 16,昭58. 9. 16,歯　矯歯 / 現存,診療所,,,,,,,,,,,,,,

283.0,08-3020-7,角間川歯科医院,〒014－1413,大仙市角間川町中前田１１,0187-65-3536,碓氷　博,碓氷　博 / 令4. 3. 3,昭61. 3. 3,歯　矯歯　小歯　歯外 / 現存,診療所,,,,,,,,,,,,,,

284.0,08-3024-9,畠山歯科医院,〒014－0051,大仙市大曲浜町２－３,0187-62-3636,畠山　広美,畠山　広美 / 令4. 4. 17,平元. 4. 17,歯 / 現存,診療所,,,,,,,,,,,,,,

285.0,08-3026-4,おやしき歯科クリニック,〒014－1413,大仙市角間川町字東本町６,0187-65-2002,大屋敷　浩明,大屋敷　浩明 / 令3. 12. 2,平3. 12. 2,歯 / 現存,診療所,,,,,,,,,,,,,,

286.0,08-3029-8,岩田歯科医院,〒014－0102,大仙市四ツ屋字下古道４２－１,0187-62-8264,岩田　斎,岩田　斎 / 新規 / 令6. 10. 6,平9. 10. 6,歯　小歯 / 現存,診療所,,,,,,,,,,,,,,

287.0,08-3031-4,ホワイト歯科医院,〒014－0063,大仙市大曲日の出町２丁目４番１６号,0187-86-3180,石川　維範,石川　維範 / 新規 / 令5. 6. 1,平11. 6. 1,歯　歯外 / 現存,診療所,,,,,,,,,,,,,,

288.0,08-3034-8,タケダ歯科クリニック,〒014－0067,大仙市飯田字大道端３番地１,0187-62-6480,医療法人ヒロ・デンタル・プロデュース　理事長　竹田　浩人,竹田　浩人 / 組織変更 / 令6. 11. 1,平12. 11. 1,歯　小歯　歯外 / 現存,診療所,,,,,,,,,,,,,,

289.0,08-3037-1,船木歯科医院,〒019－1701,大仙市神宮寺字本郷野２２－４,0187-72-3222,船木　元,船木　元 / 令6. 11. 18,昭63. 11. 18,歯 / 現存,診療所,,,,,,,,,,,,,,

290.0,08-3038-9,神岡歯科診療所,〒019－1701,大仙市神宮寺本郷下２６番地２,0187-72-4186,佐藤　聡,佐藤　聡 / 交代 / 令5. 6. 15,平11. 6. 15,歯　小歯　矯歯　歯外 / 現存,診療所,,,,,,,,,,,,,,

291.0,08-3039-7,髙橋歯科医院,〒019－1701,大仙市神宮寺字本郷野１２５－９,0187-72-3211,高橋　玉依,高橋　玉依 / 交代 / 令2. 5. 1,平14. 5. 1,歯　小歯　歯外 / 現存,診療所,,,,,,,,,,,,,,

292.0,08-3042-1,冨塚歯科医院,〒019－2112,大仙市刈和野字川原田２－２８,0187-75-1125,冨塚　説子,冨塚　説子 / 移動 / 令5. 3. 1,平11. 3. 1,歯　小歯　矯歯　歯外 / 現存,診療所,,,,,,,,,,,,,,

293.0,08-3044-7,米澤歯科医院,〒014－0207,大仙市長野字六日町６８,0187-56-4460,米澤　竹博,米澤　竹博 / 令5. 10. 12,昭56. 10. 12,歯 / 現存,診療所,,,,,,,,,,,,,,

294.0,08-3045-4,滑川歯科医院,〒014－0207,大仙市長野字九日町１５－１,0187-56-3121,滑川　康枝,滑川　康枝 / 令6. 11. 15,昭57. 11. 15,歯 / 休止,診療所,,,,,,,,,,,,,,

295.0,08-3046-2,ながさか歯科医院,〒014－0203,大仙市北長野字茶畑５５番１号,0187-56-2255,長坂　和幸,長坂　和幸 / 新規 / 令5. 11. 16,平8. 11. 16,歯　小歯 / 現存,診療所,,,,,,,,,,,,,,

296.0,08-3048-8,協和町歯科診療所,〒019－2411,大仙市協和境字野田２１番地の３,018-892-3166,青木　眞一,青木　眞一 / 令5. 6. 1,平5. 6. 1,歯　矯歯　小歯 / 現存,診療所,,,,,,,,,,,,,,

297.0,08-3049-6,畠山歯科医院,〒019－1875,大仙市南外落合２４番地３,0187-74-3115,畠山　桂郎,畠山　桂郎 / 令5. 8. 20,昭59. 8. 20,歯　矯歯　小歯 / 現存,診療所,,,,,,,,,,,,,,

298.0,08-3052-0,冨岡歯科医院,〒019－1603,大仙市太田町中里字二十町９８,0187-88-1123,冨岡　伸行,冨岡　伸行 / 令5. 12. 17,平2. 12. 17,歯　矯歯　小歯　歯外 / 現存,診療所,,,,,,,,,,,,,,

299.0,08-3054-6,高橋歯科医院,〒014－1413,大仙市角間川町字西本町２,0187-65-2238,高橋　武道,高橋　武道 / 新規 / 令7. 5. 7,平19. 5. 7,歯　小歯　歯外 / 現存,診療所,,,,,,,,,,,,,,

300.0,08-3055-3,嶋村歯科クリニック,〒014－0024,大仙市大曲中通町８－３２,0187-62-0410,嶋村　佳悦,嶋村　佳悦 / 交代 / 令2. 1. 1,平20. 1. 1,歯　小歯　歯外 / 現存,診療所,,,,,,,,,,,,,,

301.0,08-3056-1,船木歯科医院,〒014－0024,大仙市大曲中通町２番１７号,0187-63-0027,船木　康博,船木　康博 / 交代 / 令元. 12. 25,平19. 12. 25,歯 / 現存,診療所,,,,,,,,,,,,,,

302.0,08-3059-5,社会医療法人明和会　大曲中通歯科診療所,〒014－0062,大仙市大曲上栄町４番３号,0187-62-2323,社会医療法人明和会　理事長　小林　仁,斉藤　比登志 / 移動 / 令3. 9. 24,平21. 9. 24,歯　小歯　歯外 / 現存,診療所,,,,,,,,,,,,,,

303.0,08-3060-3,佐藤歯科クリニック,〒019－1601,大仙市太田町横沢字久保関北７３１,0187-86-9955,佐藤　政紀,佐藤　政紀 / 新規 / 令4. 1. 6,平22. 1. 6,歯　矯歯　小歯　歯外 / 現存,診療所,,,,,,,,,,,,,,

304.0,08-3063-7,佐々木歯科医院,〒014－0062,大仙市大曲上栄町１－１８,0187-63-3025,佐々木　寧子,佐々木　寧子 / 新規 / 令6. 7. 2,平24. 7. 2,歯 / 現存,診療所,,,,,,,,,,,,,,

305.0,08-3065-2,山下歯科医院,〒014－0023,大仙市大曲黒瀬町３番４５号,0187-63-0418,医療法人　榮貴会　理事長　山下　貴史,山下　貴史 / 新規 / 令2. 9. 1,平26. 9. 1,歯　歯外 / 現存,診療所,,,,,,,,,,,,,,

306.0,08-3067-8,はら歯科医院,〒014－0022,大仙市大花町１２番３－１１号,0187-88-8418,原　隆志,原　隆志 / 新規 / 令3. 10. 1,平27. 10. 1,歯　小歯　歯外 / 現存,診療所,,,,,,,,,,,,,,

307.0,08-3068-6,小坂歯科医院,〒019－2112,秋田県大仙市刈和野字愛宕町２５,0187-75-1015,小坂　一彦,小坂　一彦 / 交代 / 令7. 1. 4,平31. 1. 4,歯　小歯　歯外 / 現存,診療所,,,,,,,,,,,,,,

308.0,08-3070-2,井関歯科医院,〒014－0013,大仙市朝日町４－１４,0187-63-8100,井關　陽介,井關　陽介 / 交代 / 令3. 4. 17,令3. 4. 17,歯　小歯 / 現存,診療所,,,,,,,,,,,,,,

309.0,08-3071-0,大曲歯科クリニック,〒014－0033,大仙市和合坪立１７７イオンモール大曲１階,0187-88-8119,齊藤　佑喜,齊藤　佑喜 / 新規 / 令3. 10. 1,令3. 10. 1,歯　小歯　歯外　矯歯 / 現存,診療所,,,,,,,,,,,,,,

310.0,08-3073-6,田口歯科医院,〒014－0046,大仙市大曲田町２８－３０,0187-63-7117,田口　慎哉,田口　慎哉 / 交代 / 令5. 1. 1,令5. 1. 1,歯　歯外　小歯 / 現存,診療所,,,,,,,,,,,,,,

311.0,08-3074-4,たかはし歯科クリニック,〒014－0805,大仙市高梨字田茂木８４番地,0187-62-6800,医療法人Ｔ－ＨＥＡＲＴ　理事長　髙橋　一臣,髙橋　一臣 / 組織変更 / 令5. 8. 1,令5. 8. 1,歯　小歯 / 現存,診療所,,,,,,,,,,,,,,

312.0,08-3075-1,大仙ファミリー歯科・矯正歯科,〒014－0021,大仙市福田町２２－２３－７イオンタウン大曲福田ショッピングセンター内,0187-63-7803,医療法人社団泰正会　理事長　越智　由美子,越智　由美子 / 組織変更 / 令6. 1. 1,令6. 1. 1,歯　矯歯　小歯　歯外 / 現存,診療所,,,,,,,,,,,,,,

313.0,08-3076-9,金子歯科クリニック,〒014－0041,大仙市大曲丸子町７－３１,0187-63-7300,金子　さつき,金子　さつき / 交代 / 令7. 2. 1,令7. 2. 1,歯　小歯　歯外 / 現存,診療所,,,,,,,,,,,,,,

314.0,09-3016-3,あんどう歯科医院,〒018－5201,鹿角市花輪字八正寺７－２,0186-23-3927,安藤　克之,安藤　克之 / 令4. 10. 1,昭61. 10. 1,歯 / 現存,診療所,,,,,,,,,,,,,,

315.0,09-3018-9,昆歯科医院,〒018－5201,鹿角市花輪字上中島１３４－１,0186-22-1895,昆　博己,昆　博己 / 令6. 10. 15,昭63. 10. 15,歯 / 現存,診療所,,,,,,,,,,,,,,

316.0,09-3019-7,小野寺歯科クリニック,〒018－5334,鹿角市十和田毛馬内字毛馬内１０６－１,0186-35-2771,小野寺　徹,小野寺　徹 / 令4. 6. 19,平元. 6. 19,歯 / 現存,診療所,,,,,,,,,,,,,,

317.0,09-3031-2,折戸歯科医院,〒018－5201,鹿角市花輪字堰向５５,0186-23-6600,折戸　昌平,折戸　昌平 / 移動 / 令5. 5. 1,平11. 5. 1,歯 / 現存,診療所,,,,,,,,,,,,,,

318.0,09-3032-0,八幡歯科医院,〒018－5334,鹿角市十和田毛馬内字下夕道１９番２２,0186-35-2858,八幡　真司,八幡　真司 / 交代 / 令6. 6. 16,平12. 6. 16,歯 / 現存,診療所,,,,,,,,,,,,,,

319.0,09-3033-8,かづの大湯歯科診療所,〒018－5421,鹿角市十和田大湯字上の湯５６－３,0186-37-4555,折戸　洋子,折戸　洋子 / 新規 / 令6. 12. 1,平12. 12. 1,歯　矯歯　小歯 / 現存,診療所,,,,,,,,,,,,,,

320.0,09-3034-6,花のまち歯科医院,〒018－5201,鹿角市花輪字蒼前平７２－１,0186-23-6408,奈良　潤一郎,奈良　潤一郎 / 新規 / 令元. 12. 1,平13. 12. 1,歯　矯歯　歯外 / 現存,診療所,,,,,,,,,,,,,,

321.0,09-3035-3,ちゃこ歯科クリニック,〒018－5334,鹿角市十和田毛馬内字上寄熊１５－１,0186-35-2110,高　龍天,高　龍天 / 新規 / 令5. 10. 1,平17. 10. 1,歯　小歯 / 現存,診療所,,,,,,,,,,,,,,

322.0,09-3036-1,なら歯科医院,〒018－5421,鹿角市十和田大湯字川原ノ湯１３－９,0186-22-7337,奈良　仁文,奈良　仁文 / 新規 / 令2. 4. 1,平20. 4. 1,歯 / 現存,診療所,,,,,,,,,,,,,,

323.0,09-3037-9,オーラルクリニックかづの,〒018－5201,鹿角市花輪字新田町２５－８,0186-25-8615,岩淵　皐,岩淵　皐 / 新規 / 令6. 4. 2,平24. 4. 2,歯　歯外　小歯 / 現存,診療所,,,,,,,,,,,,,,

324.0,10-3006-2,高橋歯科医院,〒018－1502,潟上市飯田川下虻川字屋敷１２９－３,018-877-2356,高橋　達弥,高橋　達弥 / 令5. 6. 1,平2. 6. 1,歯　矯歯　小歯 / 現存,診療所,,,,,,,,,,,,,,

325.0,10-3007-0,よねざわ歯科医院,〒010－0201,潟上市天王字上江川４７－３４２,018-878-2636,米沢　輝男,米沢　輝男 / 令4. 5. 1,昭61. 5. 1,歯　矯歯　小歯　歯外 / 現存,診療所,,,,,,,,,,,,,,

326.0,10-3009-6,医療法人南秋会　わかばデンタルクリニック,〒010－0101,潟上市天王上北野６０－１,018-872-1181,医療法人南秋会　　理事長　後藤　英盛,熊田　稔浩 / 新規 / 令元. 11. 1,平13. 11. 1,歯　矯歯　小歯　歯外 / 現存,診療所,,,,,,,,,,,,,,

327.0,10-3011-2,でとまち歯科クリニック,〒010－0201,潟上市天王字北野２２３－２４４,018-870-6511,冨塚　敏之,冨塚　敏之 / 新規 / 令元. 12. 1,平13. 12. 1,歯　小歯　歯外 / 現存,診療所,,,,,,,,,,,,,,

328.0,10-3013-8,石井歯科クリニック,〒010－0101,潟上市天王長沼４０番地１４,018-873-5111,医療法人石井歯科クリニック　理事長　石井　秀彦,石井　秀彦 / 組織変更 / 令4. 1. 1,平16. 1. 1,歯　矯歯　小歯　歯外 / 現存,診療所,,,,,,,,,,,,,,

329.0,10-3014-6,大坂歯科医院,〒018－1415,潟上市昭和豊川竜毛字下斉藤田７番地,018-877-2288,医療法人　浩衛会　理事長　大坂　浩,大坂　浩 / 組織変更 / 令5. 7. 1,平17. 7. 1,歯 / 現存,診療所,,,,,,,,,,,,,,

330.0,10-3016-1,おおくぼ歯科診療所,〒018－1401,潟上市昭和大久保字街道下９６－３,018-877-7111,社会医療法人正和会　理事長　小玉　弘之,小玉　雅直 / 新規 / 令5. 8. 1,平23. 8. 1,歯　小歯　他 / 現存,診療所,,,,,,,,,,,,,,

331.0,11-3002-9,森川歯科医院,〒018－3316,北秋田市東横町４番２７号,0186-62-3100,森川　公彦,森川　公彦 / 令6. 6. 1,昭60. 6. 1,歯　矯歯 / 現存,診療所,,,,,,,,,,,,,,

332.0,11-3005-2,あじみね歯科医院,〒018－3454,北秋田市脇神字高村岱１６７番３,0186-62-9226,安次嶺　正彦,安次嶺　正彦 / 令3. 12. 1,平6. 12. 1,歯 / 現存,診療所,,,,,,,,,,,,,,

333.0,11-3006-0,佐藤歯科医院,〒018－3321,北秋田市松葉町１０番１１号,0186-62-2727,医療法人明正会　理事長　佐藤　正明,佐藤　正明 / 組織変更 / 令4. 3. 1,平10. 3. 1,歯 / 現存,診療所,,,,,,,,,,,,,,

334.0,11-3009-4,加賀谷歯科医院,〒018－3312,北秋田市花園町４番２６－１号,0186-63-2772,加賀谷　保,加賀谷　保 / 新規 / 令4. 4. 17,平16. 4. 17,歯　小歯　歯外 / 現存,診療所,,,,,,,,,,,,,,

335.0,11-3011-0,米内沢歯科医院,〒018－4301,北秋田市米内沢字諏訪岱３１番２,0186-72-5176,伊東　恵寿,伊東　恵寿 / 新規 / 令6. 12. 1,平12. 12. 1,歯 / 現存,診療所,,,,,,,,,,,,,,

336.0,11-3012-8,くるみ歯科医院,〒018－4301,北秋田市米内沢字薬師下８６－１,0186-72-9640,伊藤　剛,伊藤　剛 / 新規 / 令3. 8. 1,平15. 8. 1,歯　矯歯　小歯　歯外 / 現存,診療所,,,,,,,,,,,,,,

337.0,11-3015-1,合川歯科医院,〒018－4282,北秋田市李岱字上悪外２１番地３号,0186-60-4055,今　雅彦,今　雅彦 / 新規 / 令5. 3. 16,平11. 3. 16,歯 / 現存,診療所,,,,,,,,,,,,,,

338.0,11-3020-1,おおた歯科医院,〒018－3315,北秋田市宮前町１－３,0186-63-1943,太田　敏博,太田　敏博 / 新規 / 令5. 4. 1,平23. 4. 1,歯 / 現存,診療所,,,,,,,,,,,,,,

339.0,11-3021-9,奈良歯科医院,〒018－3325,北秋田市元町１１－１５－３,0186-67-7018,奈良　大樹,奈良　大樹 / 新規 / 令3. 2. 1,令3. 2. 1,歯　小歯 / 現存,診療所,,,,,,,,,,,,,,

340.0,11-3022-7,たかのす歯科クリニック,〒018－3302,北秋田市栄字前綱６９番地,0186-67-8211,石田　光,石田　光 / 交代 / 令6. 10. 1,令6. 10. 1,歯　矯歯　小歯　歯外 / 現存,診療所,,,,,,,,,,,,,,

341.0,12-3005-0,城南堂歯科医院,〒014－0321,仙北市角館町西勝楽町２０,0187-54-3678,石川　円,石川　円 / 令6. 11. 2,昭63. 11. 2,歯 / 現存,診療所,,,,,,,,,,,,,,

342.0,12-3006-8,カワラダ歯科医院,〒014－0369,仙北市角館町上菅沢１６４番地の２,0187-55-1188,河原田　修,河原田　修 / 令4. 10. 2,平元. 10. 2,歯 / 現存,診療所,,,,,,,,,,,,,,

343.0,12-3007-6,祐生堂医院歯科,〒014－0328,仙北市角館町竹原町２６番地,0187-53-2268,医療法人社団祐生堂　理事長　高橋　克暢,高橋　克暢 / 令6. 11. 15,平3. 11. 15,歯 / 現存,診療所,,,,,,,,,,,,,,

344.0,12-3008-4,田口歯科クリニック,〒014－0328,仙北市角館町竹原町３９,0187-53-2212,田口　仁,田口　仁 / 令4. 4. 20,平4. 4. 20,歯　小歯 / 現存,診療所,,,,,,,,,,,,,,

345.0,12-3009-2,くぼた歯科医院,〒014－1201,仙北市田沢湖生保内字街道ノ上４２番地１号,0187-43-2233,久保田　仁恒,久保田　仁恒 / 令5. 6. 26,平5. 6. 26,歯 / 現存,診療所,,,,,,,,,,,,,,

346.0,12-3011-8,山本歯科医院,〒014－0311,仙北市角館町田町上丁５０－２,0187-53-2058,山本　髙敬,山本　髙敬 / 交代 / 令5. 11. 20,平8. 11. 20,歯 / 現存,診療所,,,,,,,,,,,,,,

347.0,12-3012-6,ささき歯科医院,〒014－1114,仙北市田沢湖神代字堂ノ西６－９,0187-44-3548,佐々木　正博,佐々木　正博 / 新規 / 令4. 4. 3,平10. 4. 3,歯　小歯　矯歯 / 休止,診療所,,,,,,,,,,,,,,

348.0,12-3014-2,さとうデンタルクリニック,〒014－0312,仙北市角館町田町下丁１１－１,0187-55-4222,佐藤　洋司,佐藤　洋司 / 新規 / 令4. 11. 15,平16. 11. 15,歯　矯歯　小歯　歯外 / 現存,診療所,,,,,,,,,,,,,,

349.0,12-3016-7,仙北市田沢湖歯科診療所,〒014－1201,仙北市田沢湖生保内字浮世坂１７番地１,0187-43-1388,仙北市長　田口　知明,坂岡　丈利 / その他 / 令5. 9. 20,平17. 9. 20,歯 / 現存,診療所,,,,,,,,,,,,,,

350.0,12-3018-3,にしき歯科クリニック,〒014－0515,仙北市西木町門屋字道目木３１９－２,0187-47-3855,鈴木　聡太郎,鈴木　聡太郎 / 新規 / 令4. 5. 1,平22. 5. 1,歯　矯歯　小歯　歯外 / 現存,診療所,,,,,,,,,,,,,,

351.0,12-3020-9,さくら歯科医院,〒014－0372,仙北市角館町小館２８番地１８,0187-54-2747,医療法人社団ＢＬＥＳＳ　理事長　菅原　美樹,菅原　美樹 / 組織変更 / 令3. 9. 1,令3. 9. 1,歯　小歯　矯歯 / 現存,診療所,,,,,,,,,,,,,,

352.0,13-3003-3,小松歯科医院,〒018－0402,にかほ市平沢字八森２４番地の３,0184-36-2300,小松　幸司,小松　幸司 / 令6. 6. 6,昭63. 6. 6,歯 / 現存,診療所,,,,,,,,,,,,,,

353.0,13-3005-8,さとう歯科クリニック,〒018－0311,にかほ市金浦字十二林３３－３,0184-32-4618,佐藤　智幸,佐藤　智幸 / 新規 / 令6. 6. 1,平9. 6. 1,歯　小歯　矯歯　歯外 / 現存,診療所,,,,,,,,,,,,,,

354.0,13-3006-6,かんざか歯科医院,〒018－0116,にかほ市象潟町字４丁目塩越２４４番地１,0184-32-5566,神坂　陽二郎,神坂　陽二郎 / 交代 / 令6. 9. 17,平9. 9. 17,歯　小歯 / 現存,診療所,,,,,,,,,,,,,,

355.0,13-3007-4,医療法人すずき歯科医院,〒018－0402,にかほ市平沢字清水尻１３６番地１,0184-37-2711,医療法人すずき歯科医院　理事長　鈴木　直之,鈴木　直之 / 組織変更 / 令4. 3. 1,平10. 3. 1,歯　矯歯 / 現存,診療所,,,,,,,,,,,,,,

356.0,13-3010-8,スマイル歯科,〒018－0116,にかほ市象潟町４丁目塩越２９１－２,0184-43-2800,植村　秀則,植村　秀則 / 新規 / 令6. 2. 2,平18. 2. 2,歯 / 現存,診療所,,,,,,,,,,,,,,

357.0,13-3011-6,古田歯科医院,〒018－0101,にかほ市象潟町字浜山５２番地１,0184-43-2808,医療法人富士琶会　理事長　古田　富夫,古田　富夫 / 交代 / 令7. 2. 1,平25. 2. 1,歯　小歯 / 現存,診療所,,,,,,,,,,,,,,

358.0,13-3013-2,にかほ駅前歯科,〒018－0402,にかほ市平沢字清水３番２５,0184-74-6556,伊藤　義将,伊藤　義将 / 新規 / 令5. 4. 1,令5. 4. 1,歯　小歯　歯外 / 現存,診療所,,,,,,,,,,,,,,

359.0,20-3004-6,小坂町立歯科診療所,〒017－0202,鹿角郡小坂町小坂鉱山字松の下８－２,0186-29-5254,小坂町長　細越　満,上村　信博 / 令6. 10. 15,昭60. 10. 15,歯 / 現存,診療所,,,,,,,,,,,,,,

360.0,20-3007-9,谷本歯科クリニック,〒017－0202,鹿角郡小坂町小坂鉱山字栗平１９番地１４,0186-29-3200,谷本　淳,谷本　淳 / 組織変更 / 令3. 9. 1,平21. 9. 1,歯 / 現存,診療所,,,,,,,,,,,,,,

361.0,22-3018-2,藤里町営歯科診療所,〒018－3201,山本郡藤里町藤琴字家の後３３－３０,0185-79-1330,藤里町長　佐々木　文明,前川　秀次郎 / 令5. 12. 1,昭62. 12. 1,歯 / 現存,診療所,,,,,,,,,,,,,,

362.0,22-3021-6,八竜歯科医院,〒018－2401,山本郡三種町鵜川字西家の下４番地の３,0185-85-3117,櫻井　養之輔,櫻井　養之輔 / 令5. 1. 8,平2. 1. 8,歯　小歯 / 現存,診療所,,,,,,,,,,,,,,

363.0,22-3026-5,琴丘歯科医院,〒018－2104,山本郡三種町鹿渡字西小瀬川１７１,0185-87-3945,医療法人能代歯科医療会　理事長　鈴木　洋一,藤居　良 / 令6. 10. 1,平3. 10. 1,歯 / 現存,診療所,,,,,,,,,,,,,,

364.0,22-3029-9,医療法人歯優会　嶋田歯科医院,〒018－2303,山本郡三種町森岳字小狭間１５５,0185-83-3318,医療法人歯優会　嶋田歯科医院　理事長　嶋田　均一,嶋田　均一 / 移動 / 令3. 12. 8,平9. 12. 8,歯　矯歯　小歯　歯外 / 現存,診療所,,,,,,,,,,,,,,

365.0,22-3033-1,八峰町営歯科診療所,〒018－2501,山本郡八峰町峰浜水沢稲荷堂後１１６－１,0185-76-3291,八峰町長　堀内　満也,大江　若葉 / 組織変更 / 令6. 3. 27,平18. 3. 27,歯 / 現存,診療所,,,,,,,,,,,,,,

366.0,22-3035-6,佐藤歯科医院,〒018－2104,山本郡三種町鹿渡字片カリ橋６２,0185-87-2453,荻原　隆,荻原　隆 / 組織変更 / 令5. 7. 1,平29. 7. 1,歯 / 現存,診療所,,,,,,,,,,,,,,

367.0,22-3036-4,たむら歯科,〒018－2673,山本郡八峰町八森字中家後４番６,0185-74-6788,田村　誠,田村　誠 / 新規 / 令4. 2. 1,令4. 2. 1,歯　小歯　歯外 / 現存,診療所,,,,,,,,,,,,,,

368.0,23-3026-3,橋本歯科医院,〒018－1516,南秋田郡井川町浜井川字土樋１６５番地の１,0188-74-2808,橋本　徹,橋本　徹 / 令4. 11. 18,平元. 11. 18,歯 / 現存,診療所,,,,,,,,,,,,,,

369.0,23-3039-6,医療法人　晴功会　わしや歯科医院,〒018－1725,南秋田郡五城目町西磯ノ目一丁目２番地１０,018-852-3141,医療法人晴功会　理事長　鷲谷　一晴,鷲谷　一晴 / 組織変更 / 令6. 9. 1,平9. 9. 1 / 一般      1 / 歯　矯歯　小歯　歯外,一般　　 / 現存,診療所,,,,,,,,,,,,,,

370.0,23-3052-9,ちづ歯科クリニック,〒018－1605,南秋田郡八郎潟町川崎字昼寝２３３番地１,018-875-2801,医療法人　哲風会　理事長　武蔵　哲貞,名久井　潤 / 組織変更 / 令5. 8. 1,平17. 8. 1,歯　矯歯　小歯　歯外 / 現存,診療所,,,,,,,,,,,,,,

371.0,23-3054-5,さくら・デンタル・オフィス,〒018－1516,南秋田郡井川町浜井川杉ノ実２４－１,018-874-2522,藤澤　雅人,藤澤　雅人 / 新規 / 令6. 7. 18,平18. 7. 18,歯　小歯　歯外 / 現存,診療所,,,,,,,,,,,,,,

372.0,23-3055-2,田口歯科医院,〒018－1721,南秋田郡五城目町七倉１１５－１,018-852-2242,田口　修,田口　修 / 交代 / 令4. 1. 1,平22. 1. 1,歯　小歯　歯外 / 現存,診療所,,,,,,,,,,,,,,

373.0,23-3056-0,医療法人守徳会　かわた歯科医院,〒010－0443,南秋田郡大潟村中央１番地３４,0185-22-4351,医療法人守徳会　理事長　河田　輝彦,河田　輝彦 / 組織変更 / 令2. 9. 1,令2. 9. 1,歯　歯外　小歯 / 現存,診療所,,,,,,,,,,,,,,

374.0,26-3020-9,岡田歯科医院,〒019－1404,仙北郡美郷町六郷字馬町１２,0187-84-4108,岡田　寛,岡田　寛 / 令5. 9. 15,昭53. 9. 15,歯　小歯 / 現存,診療所,,,,,,,,,,,,,,

375.0,26-3045-6,小西歯科医院,〒019－1404,仙北郡美郷町六郷字荒町６,0187-84-1118,小西　幸夫,小西　幸夫 / 令6. 9. 20,平3. 9. 20,歯　小歯 / 現存,診療所,,,,,,,,,,,,,,

376.0,26-3071-2,たかはし歯科医院,〒019－1233,仙北郡美郷町境田字下八百刈２１８,0187-82-1118,鈴木　康昭,鈴木　康昭 / 新規 / 令5. 6. 1,平23. 6. 1,歯　小歯　歯外 / 現存,診療所,,,,,,,,,,,,,,

377.0,26-3072-0,富永歯科医院,〒019－1404,仙北郡美郷町六郷字荒町１１７－５,0187-84-0123,富永　義樹,富永　義樹 / 交代 / 令6. 9. 27,平24. 9. 27,歯　小歯　歯外 / 現存,診療所,,,,,,,,,,,,,,

378.0,26-3073-8,高山歯科医院,〒019－1541,仙北郡美郷町土崎字上野２３６番地４,0187-85-3911,医療法人凛風会　理事長　髙山　貴寛,髙山　貴寛 / 組織変更 / 令6. 3. 1,平30. 3. 1,歯　小歯　歯外　矯歯 / 現存,診療所,,,,,,,,,,,,,,

379.0,28-3024-7,高橋歯科クリニック,〒012－1131,雄勝郡羽後町西馬音内字本町８２番１号,0183-62-1418,医療法人高橋歯科　理事長　高橋　亮,高橋　亮 / 組織変更 / 令6. 4. 1,平9. 4. 1,歯 / 現存,診療所,,,,,,,,,,,,,,

380.0,28-3026-2,ジュネスデンタルクリニック,〒019－0801,雄勝郡東成瀬村田子内字田子内５１,0182-47-3131,小菅　一弘,小管　一弘 / 新規 / 令5. 3. 24,平11. 3. 24,歯 / 現存,診療所,,,,,,,,,,,,,,

381.0,28-3029-6,荘司歯科医院,〒012－1123,雄勝郡羽後町貝沢字雀田１３－２,0183-62-5126,荘司　薫,荘司　薫 / 新規 / 令5. 11. 1,平17. 11. 1,歯 / 現存,診療所,,,,,,,,,,,,,,

382.0,28-3031-2,志水歯科医院,〒012－1100,雄勝郡羽後町南西馬音内３１４,0183-62-1338,勝部　朝之,勝部　朝之 / 移動 / 令5. 4. 1,平23. 4. 1,歯　小歯　歯外 / 現存,診療所,,,,,,,,,,,,,,

383.0,28-3032-0,にしもないながさわ歯科医院,〒012－1100,雄勝郡羽後町南西馬音内１８９番地４,0183-55-8355,長澤　大,長澤　大 / 新規 / 令6. 4. 1,平24. 4. 1,歯　小歯　歯外　矯歯 / 現存,診療所,,,,,,,,,,,,,,

384.0,28-3033-8,柴田歯科医院,〒012－1100,雄勝郡羽後町字川原田３１番地,0183-62-5001,医療法人湊幸会　理事長　柴田　貞彦,柴田　貞彦 / 組織変更 / 令5. 1. 5,令5. 1. 5,歯　小歯　矯歯 / 現存,診療所,,,,,,,,,,,,,,
