id,code,prefecture,corporationtel,,name,director,bed_type_and_count,established,facility_type,col12,col13,col14,col15,col16,col17,col18,col19,col20,col21,col22,col23,col24
7,1234,〒990－0045,山形市桜町２－６８,023-623-1711 / 令5. 8. 1,医療法人篠田好生会　理事長　篠田　淳男 / 内　精　神内　呼　消　循　小　外　整外　脳外　心外　皮　ひ　産婦　眼　耳い　リハ　放　麻　歯外　形外,篠田　淳男 / 新規,昭38. 8. 1 / 療養　　    160,一般　　    223 / 現存,病院,,,,,,,,,,,,,,
3,1235,〒990－8533,山形市七日町１－３－２６,023-625-5555 / 令5. 8. 1,山形市長　佐藤　孝弘 / 消化器内科　呼内　循環器内科　内　精　脳神経内科　小　皮　放　外　整外　脳外　リハ　ひ　産婦　眼　耳鼻咽喉・頭頸部外科　麻　病理　救急科　歯　歯外　形外　糖尿病・内分泌内科　腎臓内科　血液内科　内視鏡外科　消化器外科　血管外科　乳腺外科　脳・血管放射線科,貞弘　光章 / 新規,昭38. 8. 1 / 一般    528,一般　　 / 現存,病院,,,,,,,,,,,,,,
1,1236,〒990－8510,山形市和合町３－２－５,023-623-5111 / 令4. 5. 12,公立学校共済組合　理事長　丸山　洋司,田中　靖久 / 新規,昭40. 5. 12 / 整外　呼内　循　消化器・肝臓内科　糖尿病内科　外　婦　眼　耳い　放　リハ　麻　歯　ひ　内,一般　　    252 / 現存,病院,,,,,,,,,,,,,,
3,1237,〒990－0811,山形市長町２－１０－５６,023-684-5331,医療法人篠田好生会　理事長　篠田　淳男 / 精　心内　内,木村　正之 / 現存,昭38. 8. 1,精神　　    300,病院,,,,,,,,,,,,,,
4,1238,〒990－0031,山形市十日町３－６－４８,023-622-3415,医療法人横山厚生会　理事長　横山　智之 / 産婦,横山　智之 / 現存,昭38. 9. 21,一般　　     30,病院,,,,,,,,,,,,,,
4,1239,〒990－0045,山形市桜町２－７５,023-631-2315,社会医療法人二本松会　理事長　峯田　武興 / 精　心内,江口　拓也 / 現存,昭42. 9. 1,精神　　    339,病院,,,,,,,,,,,,,,
9,1240,〒990－0045,山形市桜町７－４４,023-622-7181,社会医療法人松柏会　理事長　中島　幸裕 / 内　呼　消　循　外　整外　婦　リハ　放　リウ　糖尿病内科　　緩和ケア内科,小林　真司 / 現存,昭45. 5. 1,一般　　    199,病院,,,,,,,,,,,,,,
7,1241,〒990－0034,山形市東原町一丁目１２番２６号,023-641-6075,医療法人社団小白川至誠堂病院　理事長　松澤　克典 / 療養　　     99 / 内　循　呼内　消　外　こう　消化器外科　心外　リハ　麻　脳外,大江　正敏 / 現存,昭45. 5. 1,一般　　     46,病院,,,,,,,,,,,,,,
7,1242,〒990－8570,山形市松波２－８－１,023-630-3005,地方職員共済組合　山形県支部長,小川　俊一 / 現存,昭50. 9. 5,内,診療所,,,,,,,,,,,,,,
1,1243,〒990－9581,山形市蔵王成沢字向久保田２２２０,023-688-6511,公益財団法人やまがた健康推進機構　理事長　中目　千之,武田　弘明 / 現存,昭54. 5. 1,内　婦,診療所,,,,,,,,,,,,,,
1,1244,〒990－0042,山形市七日町４－４－７,023-623-1966,鈴木　清夫,鈴木　清夫 / 現存,昭58. 4. 1,外　乳腺外科　胃腸内科　内　肛門外科　整外,診療所,,,,,,,,,,,,,,
0,1245,〒990－0042,山形市七日町４－５－２０,023-622-1191,長岡　弥一郎 / 内　消　循　糖尿病内科,長岡　弥一郎 / 現存,昭58. 12. 15,一般　　      1,診療所,,,,,,,,,,,,,,
6,1246,〒990－0833,山形市春日町８－３０,023-643-5515,中島　久雄,中島　久雄 / 現存,昭61. 11. 15,眼,診療所,,,,,,,,,,,,,,
2,1247,〒990－0845,山形市飯塚町字中道北４４８－３,023-643-5575,医療法人社団高橋胃腸科内科医院　理事長　高橋　邦之,高橋　邦之 / 現存,平元. 4. 1,胃　内,診療所,,,,,,,,,,,,,,
0,1248,〒990－2441,山形市南一番町５－２６,023-631-1171,医療法人社団桃李会　理事長　篠田　敏男,篠田　敏男 / 現存,平元. 4. 1,心内　内　精,診療所,,,,,,,,,,,,,,
5,1249,〒990－2321,山形市桜田西４－１－１４,023-641-6419,医療法人社団悠愛会　理事長　大島　扶美,大島　扶美 / 現存,平元. 4. 1,内　神内　整外　放　リハ,診療所,,,,,,,,,,,,,,
3,1250,〒990－0044,山形市木の実町７－４,023-632-3939,医療法人社団慈杏会　理事長　堀米　亨,堀米　亨 / 現存,平元. 4. 1,ひ　皮,診療所,,,,,,,,,,,,,,
1,1251,〒990－2493,山形市美畑町１１－１１,023-622-3711,医療法人社団泰道会　理事長　佐藤　泰司 / 眼,佐藤　泰司 / 現存,平元. 4. 1,一般　　      6,診療所,,,,,,,,,,,,,,
7,1252,〒990－0042,山形市七日町３－５－７,023-631-3005,土屋　義明 / 眼,土屋　義明 / 現存,平元. 7. 1,一般　　      5,診療所,,,,,,,,,,,,,,
6,1253,〒990－0036,山形市三日町１－２－７,023-631-4190,医療法人音山医院　理事長　音山　和宣,音山　和宣 / 現存,平元. 10. 1,皮　ひ　性,診療所,,,,,,,,,,,,,,
2,1254,〒990－0032,山形市小姓町３－１０,023-641-4166,医療法人長嶋医院　理事長　長嶋　隆一,長嶋　隆一 / 現存,平元. 10. 1,胃　内,診療所,,,,,,,,,,,,,,
8,1255,〒990－0073,山形市大野目三丁目６番２２号,023-625-8611,横山　和則,横山　和則 / 現存,平2. 4. 2,内　循　心外,診療所,,,,,,,,,,,,,,
5,1256,〒990－0057,山形市宮町五丁目４番２８号,023-622-0022,医療法人社団斯波医院　理事長　斯波　忠彦,熱田　明子 / 現存,平2. 4. 1,内　呼　アレ,診療所,,,,,,,,,,,,,,
3,1257,〒990－0811,山形市長町１－４－１,023-684-1360,医療法人社団一歩会　理事長　小松　信明,小松　信明 / 現存,平2. 4. 1,心内　内　精,診療所,,,,,,,,,,,,,,
1,1258,〒990－0831,山形市西田四丁目９番１６号,023-645-4265,医療法人橘会　理事長　橘　英忠,橘　英忠 / 現存,平2. 4. 1,内　胃　循,診療所,,,,,,,,,,,,,,
7,1259,〒990－0833,山形市春日町２－２６,023-645-1235,医療法人社団田中皮膚科医院　理事長　鈴木　利明,鈴木　利明 / 現存,平2. 4. 1,皮,診療所,,,,,,,,,,,,,,
2,1260,〒990－2231,山形市大字大森１０７５－２,023-686-2055,医療法人髙橋外科内科医院　理事長　髙橋　浩,髙橋　浩 / 現存,平2. 9. 1,ひ　皮　内　外,診療所,,,,,,,,,,,,,,
8,1261,〒990－2483,山形市上町３－１１－４,023-644-7555,医療法人社団大道寺内科医院　理事長　大道寺　七兵衛,大道寺　七兵衛 / 現存,平2. 9. 1,内　循,診療所,,,,,,,,,,,,,,
6,1262,〒990－0039,山形市香澄町３－６－１３,023-641-3111,医療法人社団慈心会　理事長　井出　智子 / 眼,井出　智子 / 現存,平4. 2. 1,一般　　     26,病院,,,,,,,,,,,,,,
4,1263,〒990－0031,山形市十日町１－２－２９,023-622-2406,医療法人見龍堂　理事長　矢尾板　孝夫,矢尾板　孝夫 / 現存,平4. 4. 1,内　循　内視鏡内科　消,診療所,,,,,,,,,,,,,,
2,1264,〒990－2447,山形市元木２－８－８,023-634-3355,友岡　和彦,友岡　和彦 / 現存,平4. 12. 1,整外　内　リハ,診療所,,,,,,,,,,,,,,
9,1265,〒990－0813,山形市桧町２－５－１３,023-681-1281,東海林　眞司,東海林　眞司 / 現存,平4. 12. 1,皮,診療所,,,,,,,,,,,,,,
7,1266,〒990－2492,山形市鉄砲町１－４－２０,023-624-1500,医療法人内藤医院　理事長　内藤　章,内藤　章 / 現存,平5. 2. 1,眼　外　胃腸内科　こう,診療所,,,,,,,,,,,,,,
5,1267,〒990－0047,山形市旅篭町１－９－２２,023-622-7621,医療法人明石医院　理事長　伊藤　義彦,伊藤　義彦 / 現存,平5. 2. 1,皮,診療所,,,,,,,,,,,,,,
1,1268,〒990－2413,山形市南原町１－２５－２０,023-634-5111,結城　正明,結城　正明 / 現存,平5. 5. 6,整外　リハ,診療所,,,,,,,,,,,,,,
5,1269,〒990－2461,山形市南館４－４－１２,023-643-0123,医療法人勝島小児科医院　理事長　勝島　史夫,勝島　史夫 / 現存,平5. 9. 1,小,診療所,,,,,,,,,,,,,,
1,1270,〒990－0073,山形市大野目２－２－３７,023-635-4187,原田　次郎,原田　次郎 / 現存,平5. 12. 1,耳い　気食,診療所,,,,,,,,,,,,,,
8,1271,〒990－2422,山形市中桜田３－２－１７,023-625-7200,殿岡　一郎,殿岡　一郎 / 現存,平5. 12. 1,内　循環器内科　呼内,診療所,,,,,,,,,,,,,,
6,1272,〒990－0073,山形市大野目２－２－３３,023-635-1800,佐久間　英夫,佐久間　英夫 / 現存,平6. 1. 4,形外　整外　皮,診療所,,,,,,,,,,,,,,
0,1273,〒990－0832,山形市城西町五丁目２１番１５号,023-643-9021,医療法人社団至誠会　理事長　大泉　晴史,大泉　晴史 / 現存,平6. 4. 1,内　胃,診療所,,,,,,,,,,,,,,
6,1274,〒990－2447,山形市元木二丁目１３番５号,023-641-3811,医療法人至徳会　理事長　小松　俊逸,小松　俊逸 / 現存,平6. 4. 1,眼,診療所,,,,,,,,,,,,,,
3,1275,〒990－0813,山形市桧町２－６－４,023-681-8668,小松　正祥,小松　正祥 / 現存,平7. 4. 3,眼,診療所,,,,,,,,,,,,,,
1,1276,〒990－2481,山形市あかねケ丘２－１０－３,023-645-7380,佐藤　浩,佐藤　浩 / 現存,平7. 5. 1,整外　リハ,診療所,,,,,,,,,,,,,,
9,1277,〒990－0813,山形市桧町４－６－１６,023-681-8011,医療法人鈴木クリニック　理事長　鈴木　康之,鈴木　康之 / 現存,平7. 5. 1,内　消　胃　こう　内視鏡内科,診療所,,,,,,,,,,,,,,
3,1278,〒990－2402,山形市小立２－７－２０,023-625-8811,医療法人門馬医院　理事長　佐藤　文子,門馬　節子 / 現存,平7. 8. 1,皮,診療所,,,,,,,,,,,,,,
1,1279,〒990－0042,山形市七日町３－５－１,023-632-0120,縄野　光正,縄野　光正 / 現存,平7. 10. 2,内　消化器内科　皮,診療所,,,,,,,,,,,,,,
6,1280,〒990－8545,山形市沖町７９－１,023-682-1111,社会福祉法人恩賜財団済生会支部山形県済生会　支部長　濱崎　允 / 内　神内　呼内　消化器内科　循環器内科　精　リウ　小　外　整外　形外　脳外　心外　呼外　産婦　眼　耳い　リハ　放　皮　ひ　麻　腎臓内科　乳腺外科　血液内科　糖尿病・内分泌内科,石井　政次 / 現存,平7. 10. 1,一般　　    411,病院,,,,,,,,,,,,,,
0,1281,〒990－2447,山形市元木２－６－１３,023-625-7700,医療法人陽光会　理事長　芳川　正流,芳川　正流 / 現存,平8. 3. 1,小,診療所,,,,,,,,,,,,,,
3,1282,〒990－0067,山形市花楯１－１６－１１,023-625-7171,医療法人社団伸愛会　理事長　中井　伸一,中井　伸一 / 現存,平8. 9. 1,小　アレ,診療所,,,,,,,,,,,,,,
9,1283,〒990－2321,山形市桜田西４－３－４,023-624-1125,阿部　憲史,阿部　憲史 / 現存,平8. 12. 2,精　内　神　リハ　心内,診療所,,,,,,,,,,,,,,
5,1284,〒990－2374,山形市大字古館字替所１５６０－２,023-643-2150 / その他 / 令6. 1. 1,医療法人社団高橋胃腸科内科医院　理事長　高橋　邦之,高橋　邦之 / 現存,平9. 1. 1,内　胃,診療所,,,,,,,,,,,,,,
1,1285,〒990－2432,山形市荒楯町１－７－１９,023-626-2323,若杉　和義,若杉　和義 / 現存,平9. 3. 3,内　胃,診療所,,,,,,,,,,,,,,
2,1286,〒990－0066,山形市印役町二丁目１－２,023-631-7874 / 組織変更 / 令3. 12. 1,医療法人社団長谷川医院　理事長　長谷川　和康,長谷川　和康 / 現存,平9. 12. 1,内　消　循,診療所,,,,,,,,,,,,,,
6,1287,〒990－0057,山形市宮町１－５－２３,023-626-3020,二瓶　信,二瓶　信 / 現存,平10. 4. 1,内　消　脳内,診療所,,,,,,,,,,,,,,
3,1288,〒990－2362,山形市大字菅沢字鬼越２５５,023-645-8118 / 組織変更 / 令4. 4. 1,医療法人東北医療福祉会　理事長　藤井　昌彦 / 精　内,小林　健一 / 現存,平10. 4. 1,精神　　    312,病院,,,,,,,,,,,,,,
1,1289,〒990－0021,山形市小白川町４－８－１３,023-628-5656,根本　元,根本　元 / 現存,平10. 5. 1,内　外　循　心外,診療所,,,,,,,,,,,,,,
9,1290,〒990－0024,山形市あさひ町７－２５,023-628-1711,榊原　昭,榊原　昭 / 現存,平10. 5. 1,耳い　アレ,診療所,,,,,,,,,,,,,,
5,1291,〒990－2423,山形市東青田３－１１－１０,023-626-5515,後藤　成治,後藤　成治 / 現存,平10. 11. 2,内　消　アレ,診療所,,,,,,,,,,,,,,
9,1292,〒990－2481,山形市あかねケ丘１－１－１,023-646-5161,中村　東一郎,中村　東一郎 / 現存,平10. 11. 2,内　消,診療所,,,,,,,,,,,,,,
5,1293,〒990－2221,山形市大字風間１１４５,023-686-2388 / 組織変更 / 令5. 1. 1,医療法人安孫子内科医院　理事長　安孫子　久明,安孫子　久明 / 現存,平11. 1. 1,内　循環器内科,診療所,,,,,,,,,,,,,,
3,1294,〒990－0057,山形市宮町２－６－１３,023-641-6867 / 交代 / 令5. 1. 1,大内　清則,大内　清則 / 現存,平11. 1. 1,外　皮,診療所,,,,,,,,,,,,,,
6,1295,〒990－2414,山形市寿町１９－１,023-622-3507 / 組織変更 / 令5. 1. 1,医療法人社団羽根田産婦人科クリニック　理事長　羽根田　敦 / 産　婦　内,羽根田　敦 / 現存,平11. 1. 1,一般　　     11,診療所,,,,,,,,,,,,,,
4,1296,〒990－2161,山形市大字漆山２５７３－１,023-682-1522,磯田　昇,磯田　昇 / 現存,平11. 2. 1,内　循　外　こう　リハ　整外,診療所,,,,,,,,,,,,,,
2,1297,〒990－2412,山形市松山１－１－１０５,023-626-6266,池澤　嘉弘,池澤　嘉弘 / 現存,平11. 6. 1,内,診療所,,,,,,,,,,,,,,
7,1298,〒990－2484,山形市篭田１－１４－３０,023-647-8778,医療法人社団三宝会　理事長　田中　利治,田中　利治 / 現存,平11. 10. 1,皮,診療所,,,,,,,,,,,,,,
1,1299,〒990－2447,山形市元木３－２－５,023-634-1230 / 組織変更 / 令5. 12. 1,医療法人社団篠原神経・心療内科クリニック　理事長　篠原　正夫,篠原　正夫 / 現存,平11. 12. 1,心内　精　神内,診療所,,,,,,,,,,,,,,
7,1300,〒990－2342,山形市富神前４８番地５,023-646-5588,社会医療法人松柏会　理事長　中島　幸裕,中島　幸裕 / 現存,平12. 4. 3,内　外,診療所,,,,,,,,,,,,,,
1,1301,〒990－0063,山形市山家町二丁目６番６号,023-631-7322 / 組織変更 / 令6. 4. 1,医療法人社団静山堂武田整形外科クリニック　理事長　武田　昌孝,武田　昌孝 / 現存,平12. 4. 1,整外　内　リウ,診療所,,,,,,,,,,,,,,
8,1302,〒990－0041,山形市緑町一丁目７番１６号,023-633-0030 / 組織変更 / 令6. 4. 1,医療法人関口クリニック　理事長　関口　賢太郎,関口　賢太郎 / 現存,平12. 4. 1,脳外　神内　内,診療所,,,,,,,,,,,,,,
4,1303,〒990－0021,山形市小白川町２－１－６５,023-641-8379 / 交代 / 令6. 9. 1,堺　順一,堺　順一 / 現存,平12. 9. 1,内　胃,診療所,,,,,,,,,,,,,,
2,1304,〒990－0854,山形市砂塚１２－８,023-644-1200,人見　裕,人見　裕 / 現存,平12. 10. 2,整外　リハ　リウ,診療所,,,,,,,,,,,,,,
4,1305,〒990－0831,山形市西田２－１－２７,023-643-5500 / 組織変更 / 令7. 4. 3,山田　修久 / 療養　　     15 / 内　神内　外　整外　脳外　リハ,山田　修久 / 現存,平13. 4. 3,一般　　      4,診療所,,,,,,,,,,,,,,
2,1306,〒990－2214,山形市青柳１８００,023-685-2626 / 令7. 5. 1,山形県知事 / 2 / 内科　糖尿病・内分泌内科　腎臓内科　疼痛緩和内科　心内　精　脳内　循　消　呼内　外　脳外　呼外　心外　歯外　整外　形外　小　新生児内科　小外　産婦　眼　頭頸部・耳鼻咽喉科　ひ　皮　リハ　放　麻　救命　病理　腫瘍内科　感染症内科　血液内科　　乳腺外科　消化器外科,鈴木　克典 / 移転,平13. 5. 1 / 一般（感染）,一般　　    607 / 現存,病院,,,,,,,,,,,,,,
0,1307,〒990－0861,山形市江俣４－１８－２６,023-681-6226 / 移転 / 令7. 5. 1,医療法人社団楽聖会　理事長　古沢　信之,古沢　信之 / 現存,平13. 5. 1,精　心内　内,診療所,,,,,,,,,,,,,,
7,1308,〒990－0833,山形市春日町１３－２７,023-644-0276 / 移転 / 令7. 5. 1,医療法人城西医院　理事長　沼澤　和典,沼澤　和典 / 現存,平13. 5. 1,内　消　循　呼,診療所,,,,,,,,,,,,,,
5,1309,〒990－2232,山形市下東山４３１９－１,023-686-2816 / 組織変更 / 令7. 5. 1,医療法人紅花の里　理事長　伊澤　友明,伊澤　友明 / 現存,平13. 5. 1,内　胃　消　小　皮　こう,診療所,,,,,,,,,,,,,,
3,1310,〒990－2363,山形市長谷堂字出倉４４６４,023-688-8733,岡部　健二,岡部　健二 / 現存,平13. 6. 1,内　胃　外　皮　こう　リハ,診療所,,,,,,,,,,,,,,
7,1311,〒990－0031,山形市十日町１－３－２６,023-622-0243 / 組織変更 / 令元. 10. 1,医療法人社団大沼産婦人科医院　理事長　大沼　靖彦,大沼　靖彦 / 現存,平13. 10. 1,産婦,診療所,,,,,,,,,,,,,,
5,1312,〒990－2451,山形市吉原２丁目４－１９,023-647-3131,小松　博,小松　博 / 現存,平13. 11. 1,内　胃　消,診療所,,,,,,,,,,,,,,
2,1313,〒990－0061,山形市五十鈴１－６－５６,023-626-7275 / 組織変更 / 令2. 4. 1,医療法人佐藤清医院　理事長　佐藤　清,佐藤　清 / 現存,平14. 4. 1,内　神内　循　脳外,診療所,,,,,,,,,,,,,,
0,1314,〒990－2323,山形市桜田東２－１０－３７,023-634-3300 / 組織変更 / 令2. 4. 1,医療法人和田内科クリニック　理事長　和田　克彦,和田　克彦 / 現存,平14. 4. 1,内　呼　消　循　漢方内科　糖尿病内科,診療所,,,,,,,,,,,,,,
5,1315,〒990－0881,山形市瀬波１－６－１０,023-682-3323,山川　正紀,山川　正紀 / 現存,平14. 10. 1,整外　リハ,診療所,,,,,,,,,,,,,,
3,1316,〒990－0828,山形市双葉町１－４－６,023-647-0050,石郷岡　学,石郷岡　学 / 現存,平14. 11. 1,ひ　皮,診療所,,,,,,,,,,,,,,
9,1317,〒990－0062,山形市鈴川町３－１５－６１,023-628-0508 / 移転 / 令2. 12. 1,武田　義雄,武田　義雄 / 現存,平14. 12. 1,内　消　リハ　漢方内科,診療所,,,,,,,,,,,,,,
3,1318,〒990－0827,山形市城南町３－５－２８,023-647-3301,三澤　裕之,三澤　裕之 / 現存,平15. 3. 1,内　消,診療所,,,,,,,,,,,,,,
9,1319,〒990－0067,山形市花楯２－７－６,023-627-6222,桑添　裕光,桑添　裕光 / 現存,平15. 4. 1,整外　リハ,診療所,,,,,,,,,,,,,,
2,1320,〒990－2414,山形市寿町１４－３,023-635-5566 / 組織変更 / 令3. 9. 1,医療法人社団三條クリニック　理事長　三條　敏邦,三條　敏邦 / 現存,平15. 9. 1,胃　内　外　こう,診療所,,,,,,,,,,,,,,
0,1321,〒990－2463,山形市富の中４－１－１２,023-647-5880,吉川　賢一,吉川　賢一 / 現存,平15. 10. 1,皮,診療所,,,,,,,,,,,,,,
8,1322,〒990－0067,山形市花楯２－５０－３,023-615-2215,山口　清司,山口　清司 / 現存,平15. 10. 1,内　循　呼,診療所,,,,,,,,,,,,,,
7,1323,〒990－0821,山形市北町３－７－１,023-681-6080,井上　隆,井上　隆 / 現存,平15. 12. 1,消　内,診療所,,,,,,,,,,,,,,
5,1324,〒990－0021,山形市小白川町２－３－３０,023-624-1217 / 移転 / 令3. 12. 18,山形県知事,有海　清彦 / 現存,平15. 12. 18,精　神,診療所,,,,,,,,,,,,,,
3,1325,〒990－2481,山形市あかねケ丘２－１０－２,023-645-2223 / 組織変更 / 令4. 4. 1,医療法人早坂内科循環器科医院　理事長　早坂　真喜雄,早坂　真喜雄 / 現存,平16. 4. 1,循　内　呼,診療所,,,,,,,,,,,,,,
1,1326,〒990－0075,山形市落合町１９５－３,023-631-7010 / 組織変更 / 令4. 4. 1,医療法人深瀬内科医院　理事長　深瀬　憲雄,深瀬　憲雄 / 現存,平16. 4. 1,内　循　胃,診療所,,,,,,,,,,,,,,
5,1327,〒990－2413,山形市南原町３－１９－２６,023-632-4133 / 組織変更 / 令4. 4. 1,医療法人南原耳鼻咽喉科医院　理事長　原田　浩二,原田　浩二 / 現存,平16. 4. 1,耳い,診療所,,,,,,,,,,,,,,
4 医療法人徳洲会　山形徳洲会病院,1328,山形市清住町２丁目３番５１号,023-647-3434 / 令4. 9. 1,医療法人徳洲会　理事長　東上　震一 / 内　神内　消　循　外　整外　脳外　皮　ひ　婦　リハ　放　歯外　麻,笹川　五十次,平16. 9. 1 / 療養　　     90,一般　　    193 / 療養病床,病院,,,,,,,,,,,,,,,
6,1329,〒990－2481,山形市あかねケ丘２－１０－５８,023-645-7080,齋藤　雅昭,齋藤　雅昭 / 現存,平16. 12. 1,ひ　皮,診療所,,,,,,,,,,,,,,
8,1330,〒990－0832,山形市城西町４丁目５番１９号,023-646-4133 / 組織変更 / 令5. 4. 1,医療法人芳伸会　理事長　渡部　浩伸,渡部　浩伸 / 現存,平17. 4. 1,耳い　アレ,診療所,,,,,,,,,,,,,,
6,1331,〒990－2453,山形市若宮１－１１－３３,023-646-5533 / 組織変更 / 令5. 4. 1,医療法人社団ほんまこどもクリニック　理事長　本間　彰,本間　彰 / 現存,平17. 4. 1,小,診療所,,,,,,,,,,,,,,
4,1332,〒990－0039,山形市香澄町１－１１－１５,023-631-1131 / 交代 / 令5. 5. 1,柘植　通,柘植　通 / 現存,平17. 5. 1,こう　内　外　胃,診療所,,,,,,,,,,,,,,
0,1333,〒990－2481,山形市あかねケ丘二丁目１０－５４,023-647-4011 / 交代 / 令5. 6. 1,秋場　伴晴,秋場　伴晴 / 現存,平17. 6. 1,小　アレ,診療所,,,,,,,,,,,,,,
7,1334,〒990－2447,山形市元木３丁目３番７号,023-615-6270,山本　崇,山本　崇 / 現存,平17. 7. 1,眼,診療所,,,,,,,,,,,,,,
3,1335,〒990－2305,山形市蔵王半郷字西ノ宮２４４－１,023-688-8891,武田　陽公,武田　陽公 / 現存,平17. 10. 3,整外　リハ,診療所,,,,,,,,,,,,,,
5,1336,〒990－0831,山形市西田２－３－３,023-646-8805 / 組織変更 / 令6. 1. 1,医療法人社団紫晴会　理事長　吉原　堅一郎,吉原　堅一郎 / 現存,平18. 1. 1,眼,診療所,,,,,,,,,,,,,,
3,1337,〒990－2214,山形市青柳字北柳１５４４番地５,023-687-5222,矢澤　広,矢澤　広 / 現存,平18. 2. 1,ひ　皮,診療所,,,,,,,,,,,,,,
1,1338,〒990－2339,山形市成沢西五丁目６番２２号,023-688-1771 / 組織変更 / 令6. 4. 1,医療法人やさく医院　理事長　矢作　祐一,矢作　祐一 / 現存,平18. 4. 1,内　胃　外　こう　リハ,診療所,,,,,,,,,,,,,,
9,1339,〒990－0042,山形市七日町五丁目１２番１４号,023-622-7151 / 交代 / 令6. 4. 1,山口　佳子,山口　佳子 / 現存,平18. 4. 1,内　循,診療所,,,,,,,,,,,,,,
6,1340,〒990－0881,山形市瀬波１－１－３６,023-681-4800 / 組織変更 / 令6. 5. 1,医療法人社団孝幸会橋本こどもクリニック　理事長　橋本　基也,橋本　基也 / 現存,平18. 5. 1,小,診療所,,,,,,,,,,,,,,
4,1341,〒990－0061,山形市五十鈴１ー８ー１４,023-633-7715,青山　浩明,青山　浩明 / 現存,平18. 12. 1,皮,診療所,,,,,,,,,,,,,,
2,1342,〒990－0025,山形市あこや町２ー１５ー１,023-624-8686 / 組織変更 / 令7. 2. 1,医療法人社団芳優会　理事長　芳賀　陽一,芳賀　陽一 / 現存,平19. 2. 1,内　消胃　胃　消,診療所,,,,,,,,,,,,,,
0,1343,〒990－2451,山形市吉原２－１５－３,023-643-8222 / 組織変更 / 令7. 2. 1,社会医療法人公徳会　理事長　佐藤　忠宏 / 精　心内　児童精神科　老年精神科,田中　武 / 現存,平19. 2. 1,精神　　    113,病院,,,,,,,,,,,,,,
5,1344,〒990－2451,山形市吉原３－１０－１７,023-647-3837 / 令7. 2. 1,医療法人社団慈星会　理事長　村山　一彦,村山　一彦 / 組織変更,平19. 2. 1,産婦　内　小　歯　小歯　歯外 / 現存,診療所,,,,,,,,,,,,,,
3,1345,〒990－0051,山形市銅町２ー２４ー５,023-615-6050 / 組織変更 / 令7. 2. 1,医療法人社団いがらし内科循環器科クリニック　理事長　五十嵐　秀,五十嵐　秀 / 現存,平19. 2. 1,内　循,診療所,,,,,,,,,,,,,,
1,1346,〒990－2339,山形市成沢西２ー９ー３,023-695-3010 / 組織変更 / 令7. 2. 1,医療法人社団平林医院　理事長　平林　敬之,平林　敬之 / 現存,平19. 2. 1,耳い　気食　皮,診療所,,,,,,,,,,,,,,
7,1347,〒990－0034,山形市東原町４－１６－７,023-633-3670 / 組織変更 / 令7. 4. 1,医療法人社団継世会　理事長　沢村　俊宏,沢村　俊宏 / 現存,平19. 4. 1,ひ　皮,診療所,,,,,,,,,,,,,,
5,1348,〒990－2402,山形市小立３－１３－２５,023-626-5000 / 組織変更 / 令7. 4. 1,医療法人社団佐藤整形外科クリニック　理事長　佐藤　信彦,佐藤　信彦 / 現存,平19. 4. 1,整外　リハ,診療所,,,,,,,,,,,,,,
1,1349,〒990－0062,山形市鈴川町３－１５－６４,023-635-3900 / 組織変更 / 令7. 4. 1,医療法人信祐会　理事長　大畠　信,大畠　信 / 現存,平19. 4. 1,整外　リハ　リウ,診療所,,,,,,,,,,,,,,
9,1350,〒990－0061,山形市五十鈴１－１－２８,023-615-1150 / 組織変更 / 令7. 4. 1,医療法人伊藤泌尿器科クリニック　理事長　伊藤　啓一,伊藤　啓一 / 現存,平19. 4. 1,ひ　皮,診療所,,,,,,,,,,,,,,
7,1351,〒990－2316,山形市大字片谷地１２１－１２,023-689-1077 / 組織変更 / 令7. 4. 1,医療法人社団聡真会　理事長　小田　聡二,小田　聡二 / 現存,平19. 4. 1,内　消,診療所,,,,,,,,,,,,,,
4,1352,〒990－0828,山形市双葉町２－１－２２,023-676-5566,松本　光生,松本　光生 / 現存,平19. 5. 1,内,診療所,,,,,,,,,,,,,,
2,1353,〒990－0042,山形市七日町１－４－３１山形七日町ワシントンホテル一階,023-625-8887,高橋　誠一郎,高橋　誠一郎 / 現存,平19. 5. 1,精　心内,診療所,,,,,,,,,,,,,,
0,1354,〒990－2447,山形市元木２－１３－８,023-634-5500 / 組織変更 / 令7. 4. 1,医療法人慈誠会　理事長　小松　義昌,小松　義昌 / 現存,平19. 4. 1,内　呼　消　循,診療所,,,,,,,,,,,,,,
4,1355,〒990－0861,山形市江俣４－６－２３,023-682-2121 / 組織変更 / 令7. 4. 1,医療法人板坂胃腸科内科クリニック　理事長　板坂　哲,板坂　哲 / 現存,平19. 4. 1,内　胃　循,診療所,,,,,,,,,,,,,,
2,1356,〒990－2432,山形市荒楯町２－２０－２１,023-622-8822 / 組織変更 / 令7. 5. 1,医療法人社団横山クリニック　理事長　横山　智,横山　智 / 現存,平19. 5. 1,内　外　小　消化器内科　アレ　こう,診療所,,,,,,,,,,,,,,
8,1357,〒990－2462,山形市深町３－１－２０,023-646-3223 / 組織変更 / 令7. 5. 1,医療法人社団みやま会　理事長　奥山　芳見,奥山　芳見 / 現存,平19. 5. 1,内　胃,診療所,,,,,,,,,,,,,,
6,1358,〒990－0062,山形市鈴川町三丁目８－１０,023-634-7113 / 移転 / 令7. 6. 1,医療法人社団二光会　理事長　大沼　昌彦,大沼　昌彦 / 現存,平19. 6. 1,眼,診療所,,,,,,,,,,,,,,
3,1359,〒990－0881,山形市瀬波一丁目６－１５,023-681-0090,高橋　義徳,高橋　義徳 / 現存,平19. 9. 27,眼,診療所,,,,,,,,,,,,,,
9,1360,〒990－0885,山形市嶋北一丁目１４番３号,023-682-1277,杉山　和彦,杉山　和彦 / 現存,平19. 11. 1,内,診療所,,,,,,,,,,,,,,
7,1361,〒990－0042,山形市七日町四丁目１３－３３,023-625-3081,黒田　衛,黒田　衛 / 現存,平20. 2. 1,内　呼　循,診療所,,,,,,,,,,,,,,
3,1362,〒990－0813,山形市桧町四丁目８－３０,023-681-7760 / その他 / 令2. 4. 1,一般財団法人日本健康管理協会　理事長　入澤　憲二,鈴木　健二 / 現存,平20. 4. 1,内　婦,診療所,,,,,,,,,,,,,,
1,1363,〒990－2461,山形市南館四丁目１番４５号,023-647-7555,社会医療法人みゆき会　理事長　武井　寛,阿部　吉弘 / 現存,平20. 5. 1,内　整外,診療所,,,,,,,,,,,,,,
7,1364,〒990－2339,山形市成沢西四丁目４番５号,023-689-9588 / 組織変更 / 令3. 3. 1,医療法人社団板垣クリニック　理事長　板垣　晋一,板垣　晋一 / 現存,平21. 3. 1,脳外　内　神内　リハ,診療所,,,,,,,,,,,,,,
5,1365,〒990－0031,山形市十日町４丁目７－２３メディカルプラザ十日町３Ｆ,023-633-5580,村田　光太郎,村田　光太郎 / 現存,平21. 4. 1,内　消化器内科　循環器内科　内分泌内科　呼吸器内科,診療所,,,,,,,,,,,,,,
0,1366,〒990－0885,山形市嶋北一丁目１４番１３号,023-674-0815,髙山　和人,髙山　和人 / 現存,平21. 9. 1,産婦,診療所,,,,,,,,,,,,,,
6,1367,〒990－2484,山形市篭田三丁目１番２号,023-643-3344 / 組織変更 / 令4. 2. 1,医療法人社団いなむらクリニック　理事長　稲村　博雄,稲村　博雄 / 現存,平22. 2. 1,耳い,診療所,,,,,,,,,,,,,,
4,1368,〒990－0047,山形市旅篭町１丁目７番２３号,023-634-3460 / 移転 / 令4. 3. 1,社会医療法人松柏会　理事長　中島　幸裕,伊藤　英三 / 現存,平22. 3. 1,内,診療所,,,,,,,,,,,,,,
2,1369,〒990－2339,山形市成沢西四丁目１１番３２号,023-688-3511 / 交代 / 令4. 4. 1,齋藤　博,齋藤　博 / 現存,平22. 4. 1,内　消　心内　呼　精　腫瘍内科　漢方内科,診療所,,,,,,,,,,,,,,
0,1370,〒990－0041,山形市緑町四丁目１４番８号,023-615-7115,桃井　義敬,桃井　義敬 / 現存,平22. 6. 1,整外　リハ,診療所,,,,,,,,,,,,,,
8,1371,〒990－2339,山形市成沢西２丁目１番２１号,023-688-8681 / 組織変更 / 令4. 5. 1,医療法人社団正英会　理事長　林　淑子,林　淑子 / 現存,平22. 5. 1,婦　内　循　消,診療所,,,,,,,,,,,,,,
1,1372,〒990－0031,山形市十日町三丁目７番２２号,023-631-7267 / 移転 / 令4. 11. 1,医療法人社団恵誠会　理事長　髙柳　誠,髙柳　誠 / 休止,平22. 11. 1,整外　リハ　リウ,診療所,,,,,,,,,,,,,,
7,1373,〒990－0021,山形市小白川町四丁目３番２４号,023-624-0246 / 移転 / 令4. 12. 1,医療法人三和会　理事長　和田　正,和田　正 / 現存,平22. 12. 1,精　内　神　心内,診療所,,,,,,,,,,,,,,
3,1374,〒990－0035,山形市小荷駄町１２番３２号,023-633-0602,髙橋　紀子,髙橋　紀子 / 現存,平23. 4. 1,内　循　呼,診療所,,,,,,,,,,,,,,
9,1375,〒990－2444,山形市南四番町３番６号,023-625-5515 / その他 / 令5. 6. 1,医療法人光仁会　理事長　廣井　正彦,鈴木　庸夫 / 現存,平23. 6. 1,内　ひ　皮,診療所,,,,,,,,,,,,,,
7,1376,〒990－2482,山形市久保田１丁目４－２７,023-674-8357,荒井　崇彦,荒井　崇彦 / 現存,平23. 6. 1,小　アレ　呼,診療所,,,,,,,,,,,,,,
3,1377,〒990－0032,山形市小姓町６番３５号,023-632-0666 / 組織変更 / 令5. 9. 1,医療法人真理子レディースクリニック　理事長　伊藤　眞理子,伊藤　眞理子 / 現存,平23. 9. 1,婦　産,診療所,,,,,,,,,,,,,,
0,1378,〒990－0039,山形市香澄町二丁目９番３９号,023-641-3650,一般社団法人山形市医師会　会長　金谷　透,清水　行敏 / 現存,平23. 9. 1,小　内　外,診療所,,,,,,,,,,,,,,
8,1379,〒990－2451,山形市吉原２－１０－５,023-674-8513,菅野　誠,菅野　誠 / 現存,平23. 9. 1,眼,診療所,,,,,,,,,,,,,,
6,1380,〒990－0057,山形市宮町二丁目１番３４号,023-623-6110 / 組織変更 / 令5. 9. 1,医療法人宮川整形外科クリニック　理事長　宮川　修一,宮川　修一 / 現存,平23. 9. 1,整外　リハ,診療所,,,,,,,,,,,,,,
4,1381,〒990－0024,山形市あさひ町１５番１５号,023-642-7222 / 組織変更 / 令5. 10. 1,医療法人かつうら小児科　理事長　勝浦　理彦,勝浦　理彦 / 現存,平23. 10. 1,小　アレ,診療所,,,,,,,,,,,,,,
0,1382,〒990－2493,山形市美畑町１２番１２号,023-623-2763 / 移転 / 令6. 2. 1,医療法人笠島耳鼻咽喉科医院　理事長　笠島　和子,笠島　和子 / 現存,平24. 2. 1,耳い,診療所,,,,,,,,,,,,,,
6,1383,〒990－2313,山形市大字松原３１１番地１,023-666-8220 / 組織変更 / 令6. 4. 3,医療法人社団池田小児科クリニック　理事長　池田　博行,池田　博行 / 現存,平24. 4. 3,小,診療所,,,,,,,,,,,,,,
4,1384,〒990－2444,山形市南四番町１２－１０,023-687-1855,渡辺　章,渡辺　章 / 現存,平24. 6. 1,内　循　呼　リハ,診療所,,,,,,,,,,,,,,
7,1385,〒990－0892,山形市大字中野４１０１番地,023-681-4150,冨塚　由美子,冨塚　由美子 / 現存,平24. 10. 1,小,診療所,,,,,,,,,,,,,,
5,1386,〒990－0892,山形市大字中野４１０３,023-687-0213 / 移転 / 令6. 9. 25,井上　聡子,井上　聡子 / 現存,平24. 9. 25,婦　内,診療所,,,,,,,,,,,,,,
3,1387,〒990－0832,山形市城西町５丁目２９－２２,023-646-7220 / 組織変更 / 令6. 10. 1,医療法人かわしまクリニック　理事長　川島　祐彦,川島　祐彦 / 現存,平24. 10. 1,内　循　呼,診療所,,,,,,,,,,,,,,
7,1388,〒990－0051,山形市銅町一丁目６番３５号,023-664-1310,医療法人社団泰道会　理事長　佐藤　泰司,佐藤　さくら / 現存,平25. 3. 1,眼,診療所,,,,,,,,,,,,,,
5,1389,〒990－2443,山形市南三番町７番１８号,023-633-2571 / 移転 / 令7. 4. 1,医療法人社団大竹医院　理事長　大竹　祐輔,大竹　祐輔 / 現存,平25. 4. 1,耳い　アレ,診療所,,,,,,,,,,,,,,
3,1390,〒990－2431,山形市松見町１６－２４,023-664-1285,菊地　義文,菊地　義文 / 現存,平25. 4. 1,内　消,診療所,,,,,,,,,,,,,,
2,1391,〒990－2482,山形市久保田一丁目８番１３号,023-645-1567 / 移転 / 令元. 10. 15,医療法人社団笠原整形外科　理事長　笠原　信男,笠原　慎逸 / 現存,平25. 10. 15,整外　リハ　リウ,診療所,,,,,,,,,,,,,,
0,1392,〒990－0043,山形市本町一丁目６－１７,023-615-1877 / 移転 / 令元. 12. 1,医療法人社団清永会　理事長　矢吹　清隆,金谷　透 / 現存,平25. 12. 1,腎臓内科　内　循,診療所,,,,,,,,,,,,,,
6,1393,〒990－2323,山形市桜田東２－１０－４０,023-629-8585 / 組織変更 / 令5. 11. 1,医療法人横田医院　理事長　横田　雅司,横田　雅司 / 現存,平17. 11. 1,耳い,診療所,,,,,,,,,,,,,,
4,1394,〒990－0023,山形市松波１丁目１１番３５号,023-634-2111 / 組織変更 / 令2. 1. 1,医療法人瑞昭会相馬脳神経クリニック　理事長　相馬　正男,相馬　正男 / 現存,平26. 1. 1,脳外　神内　リハ　内,診療所,,,,,,,,,,,,,,
2,1395,〒990－0885,山形市嶋北四丁目５－５,023-682-8566 / 移転 / 令元. 12. 1,医療法人社団清永会　理事長　矢吹　清隆 / 一般     40 / 内　外　整外　放　消化器内科　心内　リハ　腎臓内科　循環器内科,政金　生人 / 現存,平25. 12. 1,一般,病院,,,,,,,,,,,,,,
0,1396,〒990－0864,山形市陣場一丁目９番２１号,023-682-8811 / 組織変更 / 令2. 1. 1,医療法人社団白壁内科クリニック　理事長　白壁　昌憲,白壁　昌憲 / 現存,平26. 1. 1,内　循,診療所,,,,,,,,,,,,,,
3,1397,〒990－2483,山形市上町３丁目１２番１２号,023-664-0303 / 組織変更 / 令2. 4. 1,医療法人社団一庸会いちかわ整形外科　理事長　依知川　潔,依知川　潔 / 現存,平26. 4. 1,整外　リウ　リハ,診療所,,,,,,,,,,,,,,
1,1398,〒990－2413,山形市南原町三丁目１番３号,023-625-1241 / 移転 / 令2. 4. 1,医療法人社団皮ふ科桜井医院　理事長　櫻井　英一,櫻井　英一 / 現存,平26. 4. 1,皮,診療所,,,,,,,,,,,,,,
7,1399,〒990－0813,山形市桧町二丁目１１番１５号,023-682-3136 / 移転 / 令2. 6. 1,医療法人社団まつだクリニック　理事長　松田　剛,松田　剛 / 現存,平26. 6. 1,内　循　消,診療所,,,,,,,,,,,,,,
7,1400,〒990－0051,山形市銅町二丁目６番６号,023-687-0380 / 組織変更 / 令3. 1. 5,医療法人こんの小児科クリニック　理事長　今野　昭宏,今野　昭宏 / 現存,平27. 1. 5,小　アレ　内,診療所,,,,,,,,,,,,,,
4,1401,〒990－2463,山形市富の中四丁目４番２１号,023-647-3882 / 組織変更 / 令3. 2. 1,医療法人社団こまつ整形外科クリニック　理事長　小松　芳之,小松　芳之 / 現存,平27. 2. 1,整外　リハ　リウ,診療所,,,,,,,,,,,,,,
2,1402,〒990－0853,山形市西崎４９－６,023-673-0707,一般財団法人全日本労働福祉協会　会長　栁澤　信夫,遠藤　政夫 / 現存,平27. 5. 1,内,診療所,,,,,,,,,,,,,,
0,1403,〒990－0885,山形市嶋北３丁目１番１１号,023-665-0101 / 組織変更 / 令3. 6. 1,医療法人松若会　理事長　尾形　貴史,佐藤　篤 / 現存,平27. 6. 1,脳外　内　乳腺外科　消化器外科,診療所,,,,,,,,,,,,,,
8,1404,〒990－2463,山形市富の中４－１－２７,023-666-6290,石井　玲子,石井　玲子 / 現存,平27. 10. 1,精　心内,診療所,,,,,,,,,,,,,,
6,1405,〒990－0822,山形市北山形２丁目５番４３号,023-674-0180,橘　英明,橘　英明 / 現存,平27. 10. 1,内　循,診療所,,,,,,,,,,,,,,
4,1406,〒990－2324,山形市青田南２４番４５号,023-665-0223,角田　裕一,角田　裕一 / 現存,平27. 11. 1,内　循　呼,診療所,,,,,,,,,,,,,,
8,1407,〒990－2323,山形市桜田東１丁目１４－１８,023-666-6904,斎藤　尚宏,斎藤　尚宏 / 現存,平28. 11. 1,内　神内　精　リハ,診療所,,,,,,,,,,,,,,
6,1408,〒990－0831,山形市西田二丁目２番１０号,023-687-0225 / 組織変更 / 令5. 1. 1,医療法人社団まつながキッズクリニック　理事長　松永　明,松永　明 / 現存,平29. 1. 1,小　腎臓内科,診療所,,,,,,,,,,,,,,
3,1409,〒990－0023,山形市松波二丁目２番６号,023-625-5880 / 移転 / 令5. 3. 15,医療法人友好会　理事長　藤盛　成裕,藤盛　成裕 / 現存,平29. 3. 15,形外　皮　美外,診療所,,,,,,,,,,,,,,
1,1410,〒990－2482,山形市久保田２－１６－１９,023-673-0123,高橋　一広,高橋　一広 / 現存,平29. 4. 1,婦　女性内科,診療所,,,,,,,,,,,,,,
7,1411,〒990－0832,山形市城西町４丁目２７－２５,023-643-2017 / その他 / 令5. 4. 1,医療生活協同組合やまがた　理事長　小川　裕,小川　裕 / 現存,平29. 4. 1,内,診療所,,,,,,,,,,,,,,
5,1412,〒990－0025,山形市あこや町二丁目２番２３号,023-631-8336 / 組織変更 / 令5. 5. 1,医療法人社団さがえ整形外科クリニック　理事長　寒河江　正明,寒河江　正明 / 現存,平29. 5. 1,整外　リハ,診療所,,,,,,,,,,,,,,
1,1413,〒990－0031,山形市十日町三丁目１番３６号,023-665-5873 / 組織変更 / 令5. 11. 1,医療法人社団片桐皮膚科医院　理事長　片桐　美之,片桐　美之 / 現存,平29. 11. 1,皮,診療所,,,,,,,,,,,,,,
9,1414,〒990－2313,山形市大字松原４８８－１８,023-665-5600 / 組織変更 / 令5. 12. 1,医療法人社団にとうべ内科　理事長　二藤部　丈司,二藤部　丈司 / 現存,平29. 12. 1,内　循,診療所,,,,,,,,,,,,,,
7,1415,〒990－2339,山形市成沢西一丁目２番６号,023-674-8585 / 組織変更 / 令6. 1. 4,医療法人社団禄瑛会　理事長　塩見　朗,塩見　朗 / 現存,平30. 1. 4,整外　リハ　リウ,診療所,,,,,,,,,,,,,,
2,1416,〒990－2461,山形市南館五丁目３番１０号,023-645-7222 / 移転 / 令6. 5. 1,一般社団法人山形市医師会　会長　金谷　透,松井　幹之 / 現存,平30. 5. 1,内,診療所,,,,,,,,,,,,,,
8,1417,〒990－0025,山形市あこや町２－２－１５,023-632-5678 / 交代 / 令7. 2. 10,小関　伸,小関　伸 / 現存,平31. 2. 10,眼　皮,診療所,,,,,,,,,,,,,,
6,1418,〒990－0023,山形市松波二丁目２－９,023-626-5120,川越　圭,川越　圭 / 現存,令元. 5. 1,消化器内科　内視鏡内科　内科,診療所,,,,,,,,,,,,,,
2,1419,〒990－0075,山形市落合町５２８番地５,023-634-1024 / 組織変更 / 令7. 5. 1,医療法人緑風会　理事長　小川　淳,小川　淳 / 現存,令元. 5. 1,内　糖尿病内科,診療所,,,,,,,,,,,,,,
0,1420,〒990－0046,山形市大手町９番２５号,023-641-6467 / 移転 / 令7. 7. 28,医療法人社団三圭会　理事長　川越　淳,川越　淳 / 現存,令元. 7. 28,産婦（生殖医療）　内,診療所,,,,,,,,,,,,,,
4,1421,〒990－0886,山形市嶋南３丁目８－１,023-664-2101,土屋　登嗣,土屋　登嗣 / 現存,令元. 10. 1,整外　リハ　リウ,診療所,,,,,,,,,,,,,,
9,1422,〒990－0832,山形市城西町四丁目１８番２４号,023-616-6868,奥山　直行,奥山　直行 / 現存,令2. 4. 1,心内　精　老年精神科,診療所,,,,,,,,,,,,,,
5,1423,〒990－2317,山形市みはらしの丘４丁目１０番１,023-676-5245,豊田　健太郎,豊田　健太郎 / 現存,令2. 4. 1,小,診療所,,,,,,,,,,,,,,
1,1424,〒990－2172,山形市大字千手堂字大門９６番地１,023-687-1706 / 組織変更 / 令2. 4. 1,医療法人　かとう内科クリニック　理事長　加藤　直美,加藤　直美 / 現存,令2. 4. 1,内　循環器内科　呼内,診療所,,,,,,,,,,,,,,
9,1425,〒990－0825,山形市城北町二丁目１０番５号,023-687-1870,鈴木　恒治,鈴木　恒治 / 現存,令2. 10. 1,内　消化器内科　内視鏡内科,診療所,,,,,,,,,,,,,,
7,1426,〒990－0828,山形市双葉町二丁目４番２３号,023-665-1177 / 組織変更 / 令3. 1. 1,医療法人社団　虹仁会　理事長　窪寺　俊晴,窪寺　俊晴 / 現存,令3. 1. 1,眼,診療所,,,,,,,,,,,,,,
5,1427,〒990－0051,山形市銅町二丁目１３番１１号,023-616-6360 / 組織変更 / 令3. 1. 1,医療法人社団侑眞　理事長　奥山　慎一郎,奥山　慎一郎 / 現存,令3. 1. 1,内　緩和ケア内科　精,診療所,,,,,,,,,,,,,,
3,1428,〒990－0834,山形市清住町二丁目２番１２号,023-674-7603 / 組織変更 / 令3. 2. 1,医療法人晃愛会　理事長　石田　晃弘,石田　晃弘 / 現存,令3. 2. 1,耳い,診療所,,,,,,,,,,,,,,
0,1429,〒990－0039,山形市香澄町二丁目４番１号,023-626-0020 / 令3. 3. 1,医療法人山形眼科歯科　理事長　横山　大輔 / 眼　歯,横山　大輔 / 組織変更,令3. 3. 1 / 一般      3,一般　　 / 現存,診療所,,,,,,,,,,,,,,
6,1430,〒990－0022,山形市東山形２丁目３－３４,023-664-3918,山川　美樹子,山川　美樹子 / 現存,令3. 10. 1,ペインクリニック内科,診療所,,,,,,,,,,,,,,
4,1431,〒990－0810,山形市馬見ヶ崎１丁目１８－６,023-616-6611 / 組織変更 / 令3. 12. 1,医療法人社団　馬見ヶ崎こどもクリニック　理事長　大通　尚,大通　尚 / 現存,令3. 12. 1,小,診療所,,,,,,,,,,,,,,
2,1432,〒990－0886,山形市嶋南二丁目７番３号,023-665-1551 / 組織変更 / 令4. 1. 1,医療法人ブレインクリニック妻沼　理事長　妻沼　到,妻沼　到 / 現存,令4. 1. 1,脳外　内　リハ,診療所,,,,,,,,,,,,,,
0,1433,〒990－0021,山形市小白川町二丁目３番１号,023-616-5321,社会福祉法人恩賜財団済生会支部山形県済生会　支部長　濱崎　允,濱崎　允 / 現存,令4. 2. 1,整外　内,診療所,,,,,,,,,,,,,,
8,1434,〒990－0821,山形市北町３丁目１１－４０,023-666-7231,岸　真知子,岸　真知子 / 現存,令4. 5. 1,心内　精,診療所,,,,,,,,,,,,,,
6,1435,〒990－0042,山形市七日町２丁目７－５七日町ルルタス商業棟２階６号区画,023-616-5078,鏡　友理恵,鏡　友理恵 / 現存,令4. 5. 1,婦,診療所,,,,,,,,,,,,,,
4,1436,〒990－0813,山形市桧町２－６－２７,023-666-3130,佐々木　明子,佐々木　明子 / 現存,令4. 6. 1,リウ　リハ,診療所,,,,,,,,,,,,,,
2,1437,〒990－0813,山形市桧町三丁目７番３０号,023-676-9100 / 組織変更 / 令4. 6. 1,医療法人眞恵会　理事長　野田　大介,野田　大介 / 現存,令4. 6. 1,耳い,診療所,,,,,,,,,,,,,,
9,1438,〒990－0810,山形市馬見ヶ崎３丁目８番３５号,023-615-8171,佐藤　千紗,佐藤　千紗 / 現存,令4. 12. 1,呼内　内　アレ,診療所,,,,,,,,,,,,,,
7,1439,〒990－2483,山形市上町３－６－４１,023-644-8601 / 交代 / 令5. 1. 1,髙橋　正統,髙橋　正統 / 現存,令5. 1. 1,外　内　整外　消外　漢方内科,診療所,,,,,,,,,,,,,,
5,1440,〒990－0032,山形市小姓町１－３４,023-616-3122,中村　琢也,中村　琢也 / 現存,令5. 5. 1,消　内,診療所,,,,,,,,,,,,,,
3,1441,〒990－0885,山形市嶋北三丁目１０番１号,023-665-1660 / 組織変更 / 令6. 1. 1,医療法人社団かわぞえ嶋北泌尿器科内科クリニック　理事長　川添　久,川添　久 / 現存,令6. 1. 1,ひ　内,診療所,,,,,,,,,,,,,,
1,1442,〒990－0885,山形市嶋北二丁目１２番４８号,023-673-9661,医療法人三浦皮膚科医院　理事長　三浦　歩,村田　壱大 / 現存,令6. 3. 1,皮,診療所,,,,,,,,,,,,,,
7,1443,〒990－0823,山形市下条町五丁目１１番９号,023-665-0161,神部　良太,神部　良太 / 現存,令6. 4. 10,循環器内科　心臓血管外科　内科　外科　糖尿病内科,診療所,,,,,,,,,,,,,,
5,1444,〒990－0886,山形市嶋南三丁目５番１０号,023-616-6613,安達　功武,安達　功武 / 現存,令6. 6. 1,眼,診療所,,,,,,,,,,,,,,
3,1445,〒990－0041,山形市緑町三丁目２番５１号,023-665-1152 / 組織変更 / 令6. 6. 1,一般社団法人緑町山田医院　代表理事　山田　正枝,中嶋　泰憲 / 現存,令6. 6. 1,精　心内,診療所,,,,,,,,,,,,,,
1,1446,〒990－0033,山形市諏訪町二丁目１番７３号,023-687-1675,佐々木　真太郎,佐々木　真太郎 / 現存,令6. 9. 18,内　循　糖尿病内科,診療所,,,,,,,,,,,,,,
8,1447,〒990－0031,山形市十日町三丁目２－８　クレス十日町１階,023-623-9200 / 交代 / 令6. 10. 1,中本　洋平,中本　洋平 / 現存,令6. 10. 1,内,診療所,,,,,,,,,,,,,,
6,1448,〒990－0824,山形市肴町３－３４,023-643-4703 / 交代 / 令7. 1. 1,佐々木　仁,佐々木　仁 / 現存,令7. 1. 1,外　形外　皮　内,診療所,,,,,,,,,,,,,,
4,1449,〒990－2483,山形市上町４－１４－２０,023-645-7070 / 交代 / 令7. 1. 1,窪田　俊憲,窪田　俊憲 / 現存,令7. 1. 1,耳い,診療所,,,,,,,,,,,,,,
2,1450,〒990－2444,山形市南四番町７－１８,023-665-0188 / 組織変更 / 令7. 1. 1,医療法人社団　仁笑会　理事長　古川　孝志,古川　孝志 / 現存,令7. 1. 1,整外　リハ,診療所,,,,,,,,,,,,,,
0,1451,〒990－2161,山形市大字漆山７７２－１,023-615-8211 / 移転 / 令7. 2. 10,医療法人　松若会　　理事長　尾形　貴史,尾形　貴史 / 現存,令7. 2. 10,内科　乳腺外科　消化器外科　呼吸器内科　呼吸器外科,診療所,,,,,,,,,,,,,,
8,1452,〒990－2321,山形市桜田西四丁目１７－４９,023-616-3601 / 組織変更 / 令7. 4. 1,医療法人　いしい腎泌尿器科クリニック　　理事長　石井　達矢,石井　達矢 / 現存,令7. 4. 1,ひ　内,診療所,,,,,,,,,,,,,,
9,1453,〒992－0027,米沢市駅前２－４－８,0238-23-4435,医療法人舟山病院　理事長　鬼満　圭一 / 一般    120 / 療養 / 療養     54 / 内　呼　消　循　小　外　整外　形外　脳外　小外　ひ　こう　婦　眼　リハ,舟山　哲 / 現存,昭39. 8. 20,一般,病院,,,,,,,,,,,,,,
4,1454,〒992－8502,米沢市相生町６－３６,0238-22-2450 / 令4. 6. 1,米沢市長　近藤　洋介,長岡　明 / 新規,昭40. 6. 1 / 内　循環器内科　消化器内科　消化器外科　内視鏡内科　内視鏡外科　呼吸器内科　血液内科　　脳神経内科　腎臓内科　緩和ケア内科　小　精　皮　アレ　放　外　呼外　心外　整外　形外　脳外　泌尿器科　女性泌尿器科　透析　産婦　眼　耳い　麻　リハ　救命　病理　歯　糖尿病・内分泌内科　乳腺外科　小児アレルギー科　歯外　腎臓・膠原病内科　リウ,一般　　    263 / 現存,病院,,,,,,,,,,,,,,
9,1455,〒992－0083,米沢市広幡町成島字窪平山２１２０－５,0238-37-2355,社会福祉法人緑成会　理事長　渡邉　征男,市毛　明彦 / 現存,昭52. 11. 15,内,診療所,,,,,,,,,,,,,,
1,1456,〒992－1122,米沢市万世町梓山５４９４－１,0238-28-5188 / 令6. 4. 1,社会福祉法人米沢栄光の里　理事長　菅野　智幸,齋藤　万一郎 / 新規,昭57. 4. 1,内　精　歯 / 現存,診療所,,,,,,,,,,,,,,
0,1457,〒992－0012,米沢市金池二丁目６番３５号,0238-21-1060,医療法人古川医院　理事長　古川　匡和,古川　匡和 / 現存,昭63. 4. 1,内　消,診療所,,,,,,,,,,,,,,
2,1458,〒992－0045,米沢市中央３－３－２,0238-24-2500,医療法人社団慈敬会　理事長　平田　勲 / 眼,平田　勲 / 現存,平元. 4. 1,一般　　      8,診療所,,,,,,,,,,,,,,
0,1459,〒992－0045,米沢市中央５－２－４３,0238-23-2070,中條　明夫,中條　明夫 / 現存,平元. 12. 1,内　外　耳い　リハ　放　アレ,診療所,,,,,,,,,,,,,,
1,1460,〒992－0027,米沢市駅前４－３－３５,0238-22-2021,医療法人斎藤医院　理事長　斎藤　克之,斎藤　克之 / 現存,平3. 1. 1,ひ　外,診療所,,,,,,,,,,,,,,
9,1461,〒992－0045,米沢市中央６－１－２５,0238-23-1629,入間田　潔,入間田　潔 / 現存,平3. 7. 1,小,診療所,,,,,,,,,,,,,,
7,1462,〒992－0045,米沢市中央４－８－４７,0238-23-2136,島津　博達,島津　博達 / 現存,平4. 1. 1,内,診療所,,,,,,,,,,,,,,
6,1463,〒992－0058,米沢市木場町３－８,0238-23-3341,酒井　仁,酒井　仁 / 現存,平6. 8. 1,耳い,診療所,,,,,,,,,,,,,,
4,1464,〒992－0045,米沢市中央１－２－１０,0238-21-2242,大辻　圭一,大辻　圭一 / 現存,平6. 8. 1,外　内　整外　こう,診療所,,,,,,,,,,,,,,
7,1465,〒992－0025,米沢市通町４－７－２７,0238-26-2345,羅　美杰,羅　美杰 / 現存,平8. 4. 1,内　循,診療所,,,,,,,,,,,,,,
5,1466,〒992－0003,米沢市窪田町窪田１３０６－１,0238-37-6151,工藤　良三,工藤　良三 / 現存,平8. 3. 1,内,診療所,,,,,,,,,,,,,,
3,1467,〒992－0057,米沢市成島町２－１－３５,0238-23-2471,医療法人社団根際会　理事長　森　洋幸,森　洋幸 / 現存,平8. 3. 1,内　外　整外　胃　消　皮　こう,診療所,,,,,,,,,,,,,,
8,1468,〒992－0016,米沢市川井小路１－３,0238-24-3311,医療法人メディカルプラザ山口医院　理事長　山口　隆将,山口　隆将 / 現存,平8. 9. 1,肝臓・消化器内科　糖尿病・代謝内科　漢方内科　ペインクリニック内科　内,診療所,,,,,,,,,,,,,,
8,1469,〒992－0039,米沢市門東町１－４－４,0238-22-6000 / 組織変更 / 令5. 1. 1,医療法人くまの医院　理事長　熊野　仁昌 / 療養 / 内　循,熊野　仁昌 / 現存,平11. 1. 1,一般,診療所,,,,,,,,,,,,,,
6,1470,〒992－0031,米沢市大町３－６－７,0238-22-2210,医療法人堀内医院　理事長　堀内　義美 / 内　胃　消　外　こう,堀内　義美 / 現存,平11. 4. 1,一般　　      3,診療所,,,,,,,,,,,,,,
2,1471,〒992－0031,米沢市大町４－４－１４,0238-21-8787,小関　圭子,小関　圭子 / 現存,平11. 6. 21,ひ　内　小　腎臓内科,診療所,,,,,,,,,,,,,,
0,1472,〒992－0023,米沢市下花沢２－７－２０,0238-26-5810,社会医療法人公徳会　理事長　佐藤　忠宏,佐藤　忠宏 / 現存,平12. 1. 4,精　心内　児童精神科　老年精神科,診療所,,,,,,,,,,,,,,
7,1473,〒992－0052,米沢市丸の内２丁目２番５３号,0238-21-3208 / 交代 / 令5. 12. 27,中山　裕一,中山　裕一 / 現存,平11. 12. 27,消　内,診療所,,,,,,,,,,,,,,
5,1474,〒992－0061,米沢市堀川町４番４１号,0238-22-5221 / 組織変更 / 令6. 4. 1,医療法人社団笹井内科クリニック　理事長　笹井　祐之,笹井　祐之 / 現存,平12. 4. 1,内　呼　循,診療所,,,,,,,,,,,,,,
1,1475,〒992－0047,米沢市徳町４ー４７,0238-26-1556,医療法人庄司眼科クリニック　理事長　庄司　賢二,庄司　賢二 / 現存,平13. 4. 2,眼,診療所,,,,,,,,,,,,,,
9,1476,〒992－0035,米沢市太田町５ー１５３０ー６７,0238-39-2020 / 組織変更 / 令7. 4. 1,医療法人社団石山内科クリニック　理事長　石山　清司,石山　清司 / 現存,平13. 4. 1,内　胃　消,診療所,,,,,,,,,,,,,,
5,1477,〒992－1124,米沢市万世町金谷　６６６,0238-26-9337,高田　一男,高田　一男 / 現存,平13. 6. 1,内　呼　循,診療所,,,,,,,,,,,,,,
3,1478,〒992－0117,米沢市大字川井２３５６－１,0238-28-3505 / 移転 / 令元. 12. 1,医療法人田中クリニック　理事長　田中　雄二,田中　雄二 / 現存,平13. 12. 1,内　胃　小　外　こう,診療所,,,,,,,,,,,,,,
6,1479,〒992－0045,米沢市中央３－４－３６,0238-26-1020 / 組織変更 / 令3. 4. 1,医療法人さの医院　理事長　佐野　隆一,佐野　隆一 / 現存,平15. 4. 1,糖尿病・脂質代謝内科　消化器内科,診療所,,,,,,,,,,,,,,
4,1480,〒992－0044,米沢市春日２－３－５０,0238-23-5700,杉木　浩,杉木　浩 / 現存,平16. 1. 5,皮,診療所,,,,,,,,,,,,,,
0,1481,〒992－0042,米沢市塩井町塩野２０５７,0238-21-2276,鈴木　正人,鈴木　正人 / 現存,平16. 3. 1,内　外　皮,診療所,,,,,,,,,,,,,,
8,1482,〒992－0022,米沢市花沢町２６９５－５,0238-22-1867,今井　高二,今井　高二 / 現存,平17. 2. 1,乳腺外科　内,診療所,,,,,,,,,,,,,,
6,1483,〒992－0055,米沢市御廟３ー２ー１０,0238-24-7001,加藤　浩,加藤　浩 / 現存,平18. 10. 4,整外　リハ　リウ,診療所,,,,,,,,,,,,,,
2,1484,〒992－0046,米沢市信夫町５－１９,0238-23-0328 / 組織変更 / 令7. 7. 1,医療法人石橋医院　理事長　石橋　正道,石橋　正道 / 現存,平19. 7. 1,内　消,診療所,,,,,,,,,,,,,,
3,1485,〒992－0042,米沢市塩井町塩野１４９５－５,0238-26-1087 / 組織変更 / 令5. 2. 1,医療法人さくらクリニック　理事長　新野　隆宏 / 産　婦,新野　隆宏 / 現存,平23. 2. 1,一般　　     11,診療所,,,,,,,,,,,,,,
1,1486,〒992－0022,米沢市花沢町２６８７－１,0238-21-5103,後藤　文昭,後藤　文昭 / 現存,平23. 7. 1,整外　リハ　リウ,診療所,,,,,,,,,,,,,,
9,1487,〒992－0011,米沢市中田町９８１－２,0238-37-3028,黄木　正登,黄木　正登 / 現存,平24. 1. 1,脳外　神内　内,診療所,,,,,,,,,,,,,,
7,1488,〒992－0026,米沢市東３丁目４番４１号,0238-21-5353 / 移転 / 令6. 12. 3,医療法人大道寺医院　理事長　大道寺　浩一,大道寺　浩一 / 現存,平24. 12. 3,内　胃　消　外,診療所,,,,,,,,,,,,,,
5,1489,〒992－0045,米沢市中央２－５－１２,0238-23-1776 / 組織変更 / 令7. 1. 1,医療法人産科婦人科島貫医院　理事長　島貫　洋人 / 産　婦,島貫　洋人 / 現存,平25. 1. 1,一般　　     15,診療所,,,,,,,,,,,,,,
3,1490,〒992－0054,米沢市城西４－４－２５,0238-21-1155 / 交代 / 令7. 1. 4,松田　和久 / 外　整外　消,松田　和久 / 現存,平25. 1. 4,一般　　      3,診療所,,,,,,,,,,,,,,
1,1491,〒992－0012,米沢市金池六丁目４番１号,0238-22-1501,木田　雅文,木田　雅文 / 現存,平25. 4. 1,内　消,診療所,,,,,,,,,,,,,,
7,1492,〒992－0039,米沢市門東町１丁目４－１８,0238-40-8641,岡田　昌彦,岡田　昌彦 / 現存,平26. 4. 1,小　アレ,診療所,,,,,,,,,,,,,,
4,1493,〒992－0026,米沢市東３丁目９番３号,0238-26-1537 / 組織変更 / 令2. 5. 1,医療法人社団ゆめクリニック　理事長　太田　信彦,太田　信彦 / 現存,平26. 5. 1,婦,診療所,,,,,,,,,,,,,,
2,1494,〒992－0119,米沢市アルカディア一丁目８０８番３２,0238-27-0506,社会医療法人公徳会　理事長　佐藤　忠宏 / 精　心内　児童精神科　老年精神科,長谷川　朝穂 / 現存,平29. 6. 1,精神　　    114,病院,,,,,,,,,,,,,,
0,1495,〒992－0057,米沢市成島町３丁目２番１２７－１２号,0238-27-0303,駒形　依子,駒形　依子 / 現存,平30. 1. 1,婦　漢方内科,診療所,,,,,,,,,,,,,,
8,1496,〒992－0026,米沢市東一丁目３－２１,0238-40-1884 / 組織変更 / 令元. 8. 1,医療法人　よこやまクリニック　理事長　横山　英一,横山　英一 / 現存,令元. 8. 1,内　外,診療所,,,,,,,,,,,,,,
2,1497,〒992－0012,米沢市金池６丁目８番５３,0238-26-8415 / 移転 / 令3. 10. 1,医療法人　前田整形外科クリニック　理事長　前田　慎吾,前田　慎吾 / 現存,令3. 10. 1,整外　リウ,診療所,,,,,,,,,,,,,,
0,1498,〒992－0012,米沢市金池３丁目２番３１号,0238-49-7878,医療法人秀浩会　理事長　池田　秀幸,山口　賢次 / 現存,令5. 4. 1,皮,診療所,,,,,,,,,,,,,,
8,1499,〒992－1461,米沢市大字李山８１３２番地の１１,0238-38-3850,社会福祉法人あづま会　理事長　酒井　彰,市毛　明彦 / 現存,令5. 6. 1,内,診療所,,,,,,,,,,,,,,
6,1500,〒992－0045,米沢市中央７丁目１番３０号,0238-27-8317,医療法人社団　かつみ内科クリニック　中央院　理事長　勝見　修一郎,勝見　修一郎 / 現存,令5. 11. 1,内　消　内視鏡内科　肝臓内科,診療所,,,,,,,,,,,,,,
3,1501,〒992－0057,米沢市成島町３丁目２番９０号,0238-21-8100,一般財団法人三友堂病院　理事長　仁科　盛之,阿部　秀樹 / 現存,令5. 11. 1,循　内,診療所,,,,,,,,,,,,,,
1,1502,〒992－0033,米沢市福田町２丁目１番５５号,0238-24-3700 / 移転 / 令5. 11. 1,一般財団法人三友堂病院　理事長　仁科　盛之 / 療養　　     90 / 内　消　呼　循　神内　精　心内　外　整外　脳外　リハ　皮　内分泌・代謝内科　腎臓内科（人工透析）　緩和ケア外科　緩和ケア内科,穂坂　雅之 / 現存,令5. 11. 1,一般　　    109,病院,,,,,,,,,,,,,,
9,1503,〒992－0022,米沢市花沢町２６９５－１,0238-40-0606 / 組織変更 / 令6. 5. 17,医療法人花沢アイクリニック　理事長　梅津　由子,梅津　由子 / 現存,令6. 5. 17,眼,診療所,,,,,,,,,,,,,,
7,1504,〒992－0026,米沢市東三丁目４番３６号,0238-27-0833 / 組織変更 / 令7. 1. 1,医療法人社団　紗成会　　理事長　齊藤　史明,齊藤　史明 / 現存,令7. 1. 1,耳い,診療所,,,,,,,,,,,,,,
1,1505,〒997－0035,鶴岡市馬場町１番４５号,0235-22-6445,一般社団法人鶴岡地区医師会　会長　福原　晶子,石原　良 / 現存,昭59. 4. 16,内　消　循　放,診療所,,,,,,,,,,,,,,
9,1506,〒997－0816,鶴岡市文園町９－３４,0235-23-6060,医療生活協同組合やまがた　理事長　小川　裕 / 内　消　呼　循　小　外　心外　皮　ひ　産婦　リハ　放　整外　気食　脳外　神内,市川　誠一 / 現存,昭59. 5. 7,一般　　    199,病院,,,,,,,,,,,,,,
2,1507,〒997－1204,鶴岡市加茂字加茂１７７,0235-33-3030,齋藤　愼,齋藤　愼 / 現存,昭61. 9. 16,内,診療所,,,,,,,,,,,,,,
6,1508,〒997－0034,鶴岡市本町３－１７－１７,0235-23-6166,医療法人社団久医会　理事長　渡邊　清,渡邊　清 / 現存,昭62. 10. 1,糖尿病内科　消　呼　循,診療所,,,,,,,,,,,,,,
9,1509,〒997－0027,鶴岡市昭和町１０－５,0235-25-2011,医療法人千仁会　理事長　中目　哲平,中目　哲平 / 現存,平元. 10. 1,内　消　循　内視鏡内科　肝臓内科　脂質代謝内科,診療所,,,,,,,,,,,,,,
0,1510,〒997－0044,鶴岡市新海町１３－２４,0235-25-1133,本田　学,本田　学 / 現存,平2. 10. 1,耳い　内　気食,診療所,,,,,,,,,,,,,,
6,1511,〒997－0033,鶴岡市泉町８番６６号,0235-23-5731,医療法人社団諸橋医院　理事長　諸橋　政人,諸橋　政人 / 現存,平3. 4. 1,整外　リハ　リウ,診療所,,,,,,,,,,,,,,
8,1512,〒997－0034,鶴岡市本町２－３－９,0235-22-4686,医療法人アイリス　理事長　黒澤　明充,黒澤　久子 / 現存,平4. 8. 1,眼,診療所,,,,,,,,,,,,,,
6,1513,〒997－0027,鶴岡市昭和町１０－２０,0235-24-9638,医療法人アイリス　理事長　黒澤　明充,黒澤　明充 / 現存,平4. 8. 1,眼,診療所,,,,,,,,,,,,,,
4,1514,〒997－0816,鶴岡市文園町１－５２,0235-23-0002,医療法人石田内科医院　理事長　石田　博,石田　博 / 現存,平4. 8. 1,内　消,診療所,,,,,,,,,,,,,,
7,1515,〒997－0036,鶴岡市家中新町１１－４１,0235-25-2585,医療法人わかな内科医院　理事長　松浦　優,松浦　優 / 現存,平5. 9. 1,内,診療所,,,,,,,,,,,,,,
9,1516,〒997－0822,鶴岡市双葉町６番１３号,0235-23-6161,医療法人中鉢医院　理事長　中鉢　仁,中鉢　仁 / 現存,平6. 4. 1,精　心内,診療所,,,,,,,,,,,,,,
1,1517,〒997－0018,鶴岡市茅原町２６－２３,0235-22-8777,医療法人社団みつわ会　理事長　尾形　直人,菅原　真樹 / 現存,平7. 4. 3,内　消化器内科,診療所,,,,,,,,,,,,,,
6,1518,〒997－0824,鶴岡市日枝字鳥居上４３－１,0235-25-6000,医療法人人和会　理事長　齋藤　高志,齋藤　高志 / 現存,平7. 8. 1,産婦,診療所,,,,,,,,,,,,,,
4,1519,〒997－1124,鶴岡市大山２－２３－５,0235-33-2142,中里　純,中里　純 / 現存,平8. 9. 10,内　小,診療所,,,,,,,,,,,,,,
2,1520,〒997－0025,鶴岡市日出１－１７－８,0235-22-3200 / その他 / 令5. 12. 1,医療法人いとうクリニック　理事長　伊藤　享子,伊藤　享子 / 現存,平8. 12. 1,耳い　小,診療所,,,,,,,,,,,,,,
0,1521,〒997－0034,鶴岡市本町三丁目７番６５号,0235-25-2533 / その他 / 令6. 4. 1,医療法人社団滝沢眼科　理事長　滝沢　元,滝沢　元 / 現存,平9. 4. 1,眼,診療所,,,,,,,,,,,,,,
7,1522,〒997－1156,鶴岡市平成町１１－１８,0235-33-1322,岡部　進,岡部　進 / 現存,平9. 9. 1,内　胃　消,診療所,,,,,,,,,,,,,,
5,1523,〒997－0862,鶴岡市ほなみ町５ー３０,0235-25-3811 / 組織変更 / 令6. 9. 1,医療法人社団秀医会　理事長　中村　秀明,中村　秀明 / 現存,平9. 9. 1,整外　内　リハ　リウ,診療所,,,,,,,,,,,,,,
9,1524,〒997－0034,鶴岡市本町一丁目６番３４号,0235-22-0308 / 組織変更 / 令3. 12. 1,医療法人木根淵医院　理事長　木根淵　清志,木根淵　清志 / 現存,平9. 12. 1,皮　ひ,診療所,,,,,,,,,,,,,,
7,1525,〒997－0031,鶴岡市錦町１７－３,0235-22-8131 / その他 / 令4. 3. 1,医療法人三原皮膚科　理事長　三原　一郎,三原　一郎 / 現存,平10. 3. 1,皮　形外,診療所,,,,,,,,,,,,,,
3 / 7),1526,〒997－0013,鶴岡市道形町４９－２１,0235-23-4584 / 令4. 5. 1,山形県知事,折居　俊彦 / 新規,平10. 5. 1,小　内　整外　歯 / 現存,診療所,,,,,,,,,,,,,,
9,1527,〒997－0044,鶴岡市新海町１４－２０,0235-25-7800 / 組織変更 / 令4. 9. 1,医療法人秀栄会　理事長　中村　秀幸,中村　秀幸 / 現存,平10. 9. 1,内　消化器内科,診療所,,,,,,,,,,,,,,
4,1528,〒997－0816,鶴岡市文園町１１－３,0235-28-1830,医療生活協同組合やまがた　理事長　小川　裕,石川　充 / 現存,平11. 9. 1,内　小　ひ　神内,診療所,,,,,,,,,,,,,,
0,1529,〒997－0034,鶴岡市本町３－７－１０,0235-22-3050 / 移転 / 令5. 12. 22,川上　篤,川上　篤 / 現存,平11. 12. 22,内　小,診療所,,,,,,,,,,,,,,
8,1530,〒997－0857,鶴岡市美咲町２８－１,0235-22-3290 / 移転 / 令元. 11. 1,医療法人なごみ会　理事長　三井　卓弥 / 産婦　小,三井　卓弥 / 現存,平13. 11. 1,一般　　     41,病院,,,,,,,,,,,,,,
5,1531,〒997－0022,鶴岡市切添町２１－２,0235-25-3131 / 組織変更 / 令2. 4. 1,医療法人おぎわら医院　理事長　荻原　学,荻原　学 / 現存,平14. 4. 1,整外　内,診療所,,,,,,,,,,,,,,
1,1532,〒997－0857,鶴岡市美咲町２５－１２,0235-29-5260,横山　靖,横山　靖 / 現存,平15. 4. 1,皮,診療所,,,,,,,,,,,,,,
5,1533,〒997－0034,鶴岡市本町２－６－３０,0235-22-3076 / 組織変更 / 令3. 10. 1,医療法人弘永会　斎藤内科医院　理事長　齋藤　純夫,齋藤　純夫 / 現存,平15. 10. 1,内　消,診療所,,,,,,,,,,,,,,
3,1534,〒997－0857,鶴岡市美咲町２４－８,0235-29-4079,医療法人社団こまくさ会　理事長　長畑　守雄,長畑　守雄 / 現存,平16. 6. 1,内　放　脳内,診療所,,,,,,,,,,,,,,
7,1535,〒997－0857,鶴岡市美咲町２７－３,0235-29-7277,三浦　道治,三浦　道治 / 現存,平16. 12. 1,ひ,診療所,,,,,,,,,,,,,,
4,1536,〒997－0034,鶴岡市本町２丁目２－４５,0235-22-7714 / 交代 / 令5. 1. 22,福原　晶子 / 一般      4 / 眼,福原　晶子 / 現存,平17. 1. 22,一般,診療所,,,,,,,,,,,,,,
4,1537,〒999－7601,鶴岡市藤島字笹花４８－１５,0235-64-2000,医療法人石橋内科胃腸科医院　理事長　石橋　学,石橋　学 / 現存,平4. 8. 1,内　胃,診療所,,,,,,,,,,,,,,
1,1538,〒997－0331,鶴岡市板井川字片茎７５,0235-57-5100,土田　兼史,土田　兼史 / 現存,平4. 11. 2,内,診療所,,,,,,,,,,,,,,
7,1539,〒997－0126,鶴岡市羽黒町野荒町字街道上６－２,0235-62-2130,佐藤　邦彦,佐藤　邦彦 / 現存,平5. 3. 1,内,診療所,,,,,,,,,,,,,,
3,1540,〒997－0346,鶴岡市上山添字神明前３８,0235-78-7511 / 移転 / 令7. 6. 1,医療生活協同組合やまがた　理事長　小川　裕 / リハ　内　神内,茂木　紹良 / 現存,平13. 6. 1,療養　　    156,病院,,,,,,,,,,,,,,
1,1541,〒997－0141,鶴岡市羽黒町荒川字谷地堰４２－４,0235-62-3789,植村　哲也,植村　哲也 / 現存,平14. 5. 1,内　循,診療所,,,,,,,,,,,,,,
9,1542,〒997－0343,鶴岡市桂荒俣字下桂１０５－２,0235-57-3303 / 交代 / 令3. 4. 1,佐久間　和弘,佐久間　和弘 / 現存,平15. 4. 1,内　消,診療所,,,,,,,,,,,,,,
7,1543,〒999－7601,鶴岡市藤島字笹花４２－３４,0235-64-6161,鈴木　正人,鈴木　正人 / 現存,平17. 1. 4,整外　リハ　リウ,診療所,,,,,,,,,,,,,,
6,1544,〒997－0531,鶴岡市大網字興屋６９番地１,0235-54-6005 / その他 / 令5. 10. 1,鶴岡市長,佐久間　和弘 / 現存,平17. 10. 1,内　小,診療所,,,,,,,,,,,,,,
4,1545,〒997－0623,鶴岡市上田沢字下中島２５番地,0235-55-2111 / その他 / 令5. 10. 1,鶴岡市長,土田　兼史 / 現存,平17. 10. 1,内　小,診療所,,,,,,,,,,,,,,
9,1546,〒997－8515,鶴岡市泉町４番２０号,0235-26-5111 / 令5. 10. 1,鶴岡市長,鈴木　聡 / その他,平17. 10. 1 / 内　精　神内　呼　消　循　小　外　整外　形外　脳外　呼外　心外　小外　皮　ひ　産　婦　眼　耳い　歯外　麻　リハ　放　病理　漢方内科　緩和ケア内科　救命,一般　　    521 / 現存,病院,,,,,,,,,,,,,,
7,1547,〒997－0752,鶴岡市湯田川字中田３５番地１０,0235-38-5151 / その他 / 令5. 10. 1,鶴岡市長 / 内　脳外　リハ,武田　憲夫 / 現存,平17. 10. 1,療養　　    120,病院,,,,,,,,,,,,,,
1,1548,〒997－0861,鶴岡市桜新町３番２２号,0235-26-1011,医療法人社団樹栄会　理事長　乙黒　弘樹,乙黒　弘樹 / 現存,平18. 4. 3,内　外,診療所,,,,,,,,,,,,,,
7,1549,〒999－7604,鶴岡市藤浪４丁目１１１番地２,0235-64-5355 / 組織変更 / 令6. 5. 1,医療法人社団愛康会　理事長　小林　洋 / 内　外　脳外　皮　ひ　アレ　リハ,小林　洋 / 現存,平18. 5. 1,一般　　      1,診療所,,,,,,,,,,,,,,
5,1550,〒997－0011,鶴岡市宝田１－９－８０,0235-29-1088 / 組織変更 / 令6. 5. 1,医療法人いぶき会　理事長　阿部　修一,阿部　修一 / 現存,平18. 5. 1,整外　リハ　リウ,診療所,,,,,,,,,,,,,,
3,1551,〒997－0035,鶴岡市馬場町７ー２８,0235-22-2095 / 移転 / 令6. 9. 1,医療法人雄心会　理事長　伊藤　茂彦,伊藤　茂彦 / 現存,平18. 9. 1,耳い,診療所,,,,,,,,,,,,,,
1,1552,〒997－0011,鶴岡市宝田１ー９ー８６,0235-26-7555,須田　克幸,須田　克幸 / 現存,平18. 10. 2,内,診療所,,,,,,,,,,,,,,
6,1553,〒997－0029,鶴岡市日吉町１１－１４,0235-22-1442 / 組織変更 / 令6. 9. 26,医療法人岡田医院　理事長　岡田　恒人,岡田　恒人 / 現存,平18. 9. 26,内　呼　消　循　アレ,診療所,,,,,,,,,,,,,,
4,1554,〒997－0801,鶴岡市東原町２５ー５１,0235-29-0707 / 組織変更 / 令7. 2. 1,医療法人菊地内科クリニック　理事長　菊地　直人,菊地　直人 / 現存,平19. 2. 1,内,診療所,,,,,,,,,,,,,,
0,1555,〒997－0031,鶴岡市錦町２０－１８,0235-29-6230 / 組織変更 / 令7. 5. 1,医療法人天勝流　理事長　大勝　康信,大勝　康信 / 現存,平19. 5. 1,眼,診療所,,,,,,,,,,,,,,
8,1556,〒997－0857,鶴岡市美咲町２５番５号,0235-23-7633 / 移転 / 令2. 4. 1,医療法人幸和会　理事長　今野　俊幸,今野　俊幸 / 現存,平20. 4. 1,整外　形外　リハ　リウ　内　皮　精,診療所,,,,,,,,,,,,,,
6,1557,〒997－0023,鶴岡市鳥居町２－３０,0235-24-3377 / 交代 / 令2. 4. 1,今立　明宏,今立　明宏 / 現存,平20. 4. 1,小,診療所,,,,,,,,,,,,,,
2,1558,〒997－0046,鶴岡市みどり町１８番５号,0235-22-8070 / 移転 / 令3. 12. 25,志田　秀隆,志田　秀隆 / 現存,平21. 12. 25,整外　リハ,診療所,,,,,,,,,,,,,,
0,1559,〒997－0033,鶴岡市泉町５番３０号,0235-23-5678 / 移転 / 令4. 4. 1,鶴岡市　鶴岡市長,菅原　真樹 / 現存,平22. 4. 1,内　小　外,診療所,,,,,,,,,,,,,,
7,1560,〒997－0045,鶴岡市西新斎町３－７,0235-24-8488,原田　和佳,原田　和佳 / 現存,平22. 5. 1,小　アレ,診療所,,,,,,,,,,,,,,
3,1561,〒997－0819,鶴岡市のぞみ町５番１７号,0235-25-3222,医療法人満天　理事長　阿部　寛政,阿部　寛政 / 現存,平22. 11. 1,内　心臓血管内科　血管外科　胸部外科,診療所,,,,,,,,,,,,,,
9,1562,〒997－0022,鶴岡市切添町２１番２２号,0235-25-7971 / 移転 / 令5. 11. 3,医療法人奥山医院　理事長　奥山　泰裕,奥山　泰裕 / 現存,平23. 11. 3,皮,診療所,,,,,,,,,,,,,,
3,1563,〒997－0331,鶴岡市板井川字片茎８０,0235-57-2126 / 交代 / 令6. 12. 1,遠藤　睦美,遠藤　睦美 / 現存,平24. 12. 1,麻　整外　内　小　外,診療所,,,,,,,,,,,,,,
6,1564,〒997－0332,鶴岡市西荒屋字川原田９８番地,0235-57-2123 / 組織変更 / 令元. 9. 1,医療法人佐久間医院　理事長　佐久間　正幸,佐久間　正幸 / 現存,平25. 9. 1,内　外　小　消,診療所,,,,,,,,,,,,,,
4,1565,〒997－0041,鶴岡市城北町２６番１０号,0235-22-2333 / 組織変更 / 令2. 1. 1,医療法人さとう整形外科クリニック　理事長　佐藤　慎二,佐藤　慎二 / 現存,平26. 1. 1,整外　リハ,診療所,,,,,,,,,,,,,,
2,1566,〒997－0028,鶴岡市山王町３番２９号,0235-25-6666 / 組織変更 / 令2. 1. 1,医療法人社団緑伸会真島医院　理事長　真島　英太 / 一般     11 / 療養 / 療養      6 / ひ　内　外,真島　英太 / 現存,平26. 1. 1,一般,診療所,,,,,,,,,,,,,,
8,1567,〒997－0034,鶴岡市本町２丁目１１－１５,0235-22-0283 / 交代 / 令2. 12. 11,犬塚　博,犬塚　博 / 現存,平26. 12. 11,内　循,診療所,,,,,,,,,,,,,,
6,1568,〒997－8510,鶴岡市北茅原町１３番１号,0235-64-8100 / 移転 / 令3. 3. 9,山形県病院事業管理者 / 精神    214 / 精　心内　児童・思春期精神科,神田　秀人 / 現存,平27. 3. 9,精神,病院,,,,,,,,,,,,,,
4,1569,〒999－7205,鶴岡市温海字温海２８番地３,0235-33-8299 / 組織変更 / 令3. 5. 1,医療法人温海クリニック　理事長　阿部　徹,阿部　徹 / 現存,平27. 5. 1,内　循　呼,診療所,,,,,,,,,,,,,,
2,1570,〒997－0033,鶴岡市泉町７－５６,0235-64-1914,山内　仁紫,山内　仁紫 / 現存,平27. 6. 1,循　内,診療所,,,,,,,,,,,,,,
8,1571,〒997－0861,鶴岡市桜新町１３－３,0235-29-3753,伊藤　俊,伊藤　俊 / 現存,平28. 3. 1,心内　精,診療所,,,,,,,,,,,,,,
3,1572,〒997－0039,鶴岡市西茅原町１３番２４号,0235-29-4187 / 組織変更 / 令4. 12. 1,石黒　慎,石黒　慎 / 現存,平28. 12. 1,心内　精　皮,診療所,,,,,,,,,,,,,,
1,1573,〒997－0824,鶴岡市日枝字小真木原１１６番地３,0235-26-7373 / 組織変更 / 令5. 1. 1,医療法人小真木原クリニック　理事長　太田　克也,太田　克也 / 現存,平29. 1. 1,脳外　内,診療所,,,,,,,,,,,,,,
9,1574,〒997－0824,鶴岡市日枝字小真木原８８－１,0235-64-8858,医療法人いぶき会　理事長　阿部　修一,阿部　修一 / 現存,平29. 3. 1,整外　リハ　リウ,診療所,,,,,,,,,,,,,,
7,1575,〒997－0862,鶴岡市ほなみ町７－１１,0235-33-9777 / 交代 / 令5. 9. 1,真島　佑介,真島　佑介 / 現存,平29. 9. 1,内　循　胃　外　内視鏡内科　糖尿病内科　腎臓内科　　膠原病リュウマチ内科,診療所,,,,,,,,,,,,,,
5,1576,〒997－0028,鶴岡市山王町１４－１５,0235-23-0072 / 交代 / 令6. 5. 28,藤吉　令 / 一般     19 / 内　心内　呼内　循　消　放,藤吉　令 / 現存,平30. 5. 28,一般,診療所,,,,,,,,,,,,,,
1,1577,〒999－7126,鶴岡市鼠ケ関乙４９番地,0235-44-2125 / 交代 / 令元. 11. 1,佐藤　純子,佐藤　純子 / 現存,令元. 11. 1,内　外　小　眼　耳い　整外,診療所,,,,,,,,,,,,,,
9,1578,〒997－0818,鶴岡市三和町１番５３号,0235-23-3311 / 組織変更 / 令2. 1. 1,医療法人　継和会　理事長　宮原　信弘 / 一般     17 / 内　外　循環器内科　消化器内科　糖尿病内科　肛門外科,長島　早苗 / 現存,令2. 1. 1,一般,診療所,,,,,,,,,,,,,,
7,1579,〒997－0752,鶴岡市湯田川字中田８番地３,0235-35-4455 / 組織変更 / 令2. 2. 1,医療法人　さくまクリニック　理事長　佐久間　豊明,佐久間　豊明 / 現存,令2. 2. 1,内　胃腸科　麻,診療所,,,,,,,,,,,,,,
4,1580,〒997－0824,鶴岡市日枝字小真木原１１６番地２６,0235-23-2080,遠谷　肇,遠谷　肇 / 現存,令2. 4. 1,精　心内,診療所,,,,,,,,,,,,,,
2,1581,〒997－0046,鶴岡市みどり町２９－２２,0235-26-0877,森村　広子,森村　広子 / 現存,令2. 6. 1,皮,診療所,,,,,,,,,,,,,,
0,1582,〒997－0857,鶴岡市美咲町１８－１８,0235-64-1891,佐藤　邦広,佐藤　邦広 / 現存,令2. 11. 1,耳い　アレ,診療所,,,,,,,,,,,,,,
8,1583,〒997－0031,鶴岡市錦町１番３３号,0235-25-7676 / 移転 / 令4. 8. 1,医療法人明仁会　理事長　上野　欣一,上野　雅仁 / 現存,令4. 8. 1,内　整外　外　リハ,診療所,,,,,,,,,,,,,,
6,1584,〒997－0034,鶴岡市本町一丁目８番１９号,0235-35-1705,医療法人アイリス　理事長　黒澤　明充,池田　浩 / 現存,令6. 2. 1,内,診療所,,,,,,,,,,,,,,
4,1585,〒997－0034,鶴岡市本町２丁目１６－４,0235-26-8202,竹田　文洋,竹田　文洋 / 現存,令6. 5. 1,内　外,診療所,,,,,,,,,,,,,,
2,1586,〒997－0839,鶴岡市砂田町６番３７号,0235-35-0358,小林　祐介,小林　祐介 / 現存,令6. 8. 1,内　消化器内科　外　乳腺外科　甲状腺外科　肛門外科,診療所,,,,,,,,,,,,,,
0,1587,〒999－7204,鶴岡市湯温海甲１２７－１,0235-43-2037 / 交代 / 令6. 10. 1,佐藤　孝司,佐藤　孝司 / 現存,令6. 10. 1,内　消,診療所,,,,,,,,,,,,,,
8,1588,〒997－0038,鶴岡市北茅原町１番２１号,0235-26-0133 / 組織変更 / 令7. 4. 1,医療法人たからだクリニック　理事長　鈴木　豊,鈴木　豊 / 現存,令7. 4. 1,耳い,診療所,,,,,,,,,,,,,,
4,1589,〒998－0043,酒田市本町１－２－６,0234-22-0735,吉田　元,吉田　元 / 現存,昭59. 2. 15,内　消　循,診療所,,,,,,,,,,,,,,
2,1590,〒998－0865,酒田市北新橋１－１３－５,0234-26-1717,菅原　善昭,菅原　善昭 / 現存,昭62. 6. 1,内　胃　循　小,診療所,,,,,,,,,,,,,,
1,1591,〒998－0011,酒田市上安町１－８０－２８,0234-27-3563,池田　利史,池田　利史 / 現存,平元. 4. 1,外　胃　こう　皮,診療所,,,,,,,,,,,,,,
6,1592,〒998－0034,酒田市中央西町４－４,0234-22-1833,医療法人海野医院　理事長　海野　さち子 / 眼,海野　さち子 / 現存,平2. 4. 1,一般　　      5,診療所,,,,,,,,,,,,,,
4,1593,〒998－0032,酒田市相生町２－５－４０,0234-24-3135,医療法人酒井医院　理事長　酒井　朋久,酒井　朋久 / 現存,平2. 4. 1,内　循　呼,診療所,,,,,,,,,,,,,,
4,1594,〒998－0031,酒田市浜田一丁目７番５６号,0234-26-3360,医療法人みのり会　理事長　眞田　淳,眞田　淳 / 現存,平3. 1. 1,内　呼　胃　循,診療所,,,,,,,,,,,,,,
2,1595,〒998－0851,酒田市東大町一丁目１０番地の６,0234-26-0500,医療法人和香会　理事長　菅原　貴子,菅原　貴子 / 現存,平3. 1. 1,内　呼　消　循　小　外　皮,診療所,,,,,,,,,,,,,,
1,1596,〒998－0043,酒田市本町１－５－１３,0234-22-6660,森　修司,森　修司 / 現存,平4. 4. 1,内　皮　整外,診療所,,,,,,,,,,,,,,
9,1597,〒998－0043,酒田市本町３－１０－５,0234-26-2655,医療法人冨樫内科医院　理事長　冨樫　尚子,冨樫　尚子 / 現存,平4. 4. 1,神内　内,診療所,,,,,,,,,,,,,,
6,1598,〒998－0046,酒田市一番町９－９,0234-23-7718,医療法人社団健好会サイトー内科　理事長　齋藤　好正,齋藤　好正 / 現存,平4. 4. 1,内,診療所,,,,,,,,,,,,,,
4,1599,〒998－0859,酒田市大町１０－６２,0234-24-5018,鬼海　靖彦,鬼海　靖彦 / 現存,平4. 5. 1,小　アレ,診療所,,,,,,,,,,,,,,
2,1600,〒998－0841,酒田市松原南１１－２１,0234-26-7878,医療法人慶明会　理事長　斎藤　慶一,斎藤　慶一 / 現存,平4. 8. 1,小　アレ,診療所,,,,,,,,,,,,,,
8,1601,〒998－0855,酒田市東中の口町３－２,0234-22-2720,医療法人石黒内科医院　理事長　石黒　昌生,石黒　昌生 / 現存,平4. 10. 1,内,診療所,,,,,,,,,,,,,,
4,1602,〒998－0032,酒田市相生町１－６－２５,0234-23-2002,医療法人近藤医院　理事長　近藤　恒博,近藤　恒博 / 現存,平5. 4. 1,内　呼　消　循,診療所,,,,,,,,,,,,,,
2,1603,〒998－0041,酒田市新井田町１５－３,0234-24-1856,医療法人山本医院　理事長　山本　尚人,山本　尚人 / 現存,平5. 4. 1,内　胃　こう,診療所,,,,,,,,,,,,,,
5,1604,〒998－0041,酒田市新井田町１－３７,0234-24-3387,江部　学,江部　学 / 現存,平5. 7. 1,耳い,診療所,,,,,,,,,,,,,,
9,1605,〒999－8162,酒田市上野曽根字上中割７３,0234-27-3306,医療法人宏友会　理事長　矢島　恭一 / 外　胃　こう,矢島　恭一 / 現存,平5. 10. 1,一般　　      6,診療所,,,,,,,,,,,,,,
7,1606,〒998－0853,酒田市みずほ１－２－２８,0234-26-6800,医療法人尾形内科胃腸科医院　理事長　尾形　浩,尾形　浩 / 現存,平5. 9. 1,内　呼　消胃　胃　消　循,診療所,,,,,,,,,,,,,,
1,1607,〒998－0035,酒田市寿町１－３８,0234-24-1822,桑原　修一,桑原　修一 / 現存,平6. 7. 1,整外,診療所,,,,,,,,,,,,,,
4,1608,〒998－0041,酒田市新井田町１－３,0234-26-7722,医療法人さとう小児科医院　理事長　佐藤　寛明,佐藤　寛明 / 現存,平6. 10. 1,小　アレ,診療所,,,,,,,,,,,,,,
8,1609,〒998－0841,酒田市松原南１５－１,0234-23-8166,医療法人丸岡医院　理事長　丸岡　喬 / 内　消　循　婦　女性内科　漢方内科　心内,田中　栄一 / 現存,平6. 11. 1,一般　　      4,診療所,,,,,,,,,,,,,,
6,1610,〒998－0862,酒田市曙町２－１８－６,0234-21-2230,医療法人社団さつき会　理事長　瀬尾　絹子,瀬尾　東伸 / 現存,平7. 5. 1,心内　内　精,診療所,,,,,,,,,,,,,,
4,1611,〒998－0046,酒田市一番町３－２４,0234-26-3721,菅原　優子,菅原　優子 / 現存,平7. 8. 1,眼,診療所,,,,,,,,,,,,,,
2,1612,〒998－0842,酒田市亀ケ崎２－４－１２,0234-22-6688,医療法人西尾医院　理事長　西尾　彰,西尾　彰 / 現存,平7. 8. 1,ひ　皮,診療所,,,,,,,,,,,,,,
6,1613,〒998－0842,酒田市亀ケ崎３－８－１１,0234-24-7776 / その他 / 令5. 12. 1,医療法人誠山会　理事長　大山　武紹,大山　武紹 / 現存,平8. 12. 1,内　循,診療所,,,,,,,,,,,,,,
9,1614,〒998－0878,酒田市こあら２－３－９,0234-22-6320,松浦　周,松浦　周 / 現存,平9. 11. 4,内　胃　小,診療所,,,,,,,,,,,,,,
7,1615,〒998－0878,酒田市こあら３－５－２,0234-22-9611 / 移転 / 令6. 11. 1,医療法人酒田東病院　理事長　中村　有 / 精　神,中村　成 / 現存,平9. 11. 1,精神　　    120,病院,,,,,,,,,,,,,,
5,1616,〒998－0032,酒田市相生町２－５－３５,0234-24-2220 / 移転 / 令6. 11. 1,角谷　廣幸,角谷　廣幸 / 現存,平9. 11. 1,皮,診療所,,,,,,,,,,,,,,
7,1617,〒998－0842,酒田市亀ケ崎７－１－３０,0234-23-2300,髙木　信博,髙木　信博 / 現存,平10. 6. 1,整外　リウ　リハ,診療所,,,,,,,,,,,,,,
8,1618,〒998－0828,酒田市あきほ町６５８－４,0234-21-6220,島貫　惠子,島貫　惠子 / 現存,平11. 5. 6,小,診療所,,,,,,,,,,,,,,
6,1619,〒998－0842,酒田市亀ケ崎２－２－５７,0234-21-6110,石澤　優,石澤　優 / 現存,平11. 5. 6,内　胃,診療所,,,,,,,,,,,,,,
4,1620,〒998－0103,酒田市錦町５－３２－６９８,0234-41-1855,井熊　仁,井熊　仁 / 現存,平12. 10. 2,内　胃,診療所,,,,,,,,,,,,,,
9,1621,〒998－0013,酒田市東泉町１ー１２ー５０,0234-21-0155,佐藤　顕,佐藤　顕 / 現存,平13. 5. 1,内,診療所,,,,,,,,,,,,,,
7,1622,〒998－0018,酒田市泉町１ー１６,0234-33-6333 / 移転 / 令7. 7. 1,酒田健康生活協同組合　代表理事理事長　松本　弘道,本間　卓 / 現存,平13. 7. 1,内　循　整外,診療所,,,,,,,,,,,,,,
5,1623,〒998－0822,酒田市大宮字一貫野　８２,0234-25-7150,山原　愼一,山原　愼一 / 現存,平13. 9. 3,整外　リハ　リウ,診療所,,,,,,,,,,,,,,
1,1624,〒998－0006,酒田市ゆたか２－１－１１,0234-34-1241 / 組織変更 / 令2. 1. 1,医療法人社団ゆたか会　理事長　青木　武彦,青木　武彦 / 現存,平14. 1. 1,皮,診療所,,,,,,,,,,,,,,
1,1625,〒998－0022,酒田市駅東２－４－１３,0234-22-7770 / 移転 / 令2. 11. 1,医療法人荻原耳鼻咽喉科医院　理事長　荻原　徹,荻原　徹 / 現存,平14. 11. 1,耳い,診療所,,,,,,,,,,,,,,
6,1626,〒998－0828,酒田市あきほ町６５９－１,0234-21-2085,喜連　照夫,喜連　照夫 / 現存,平15. 6. 2,耳い,診療所,,,,,,,,,,,,,,
4,1627,〒998－0851,酒田市東大町３－３８－３,0234-21-3715 / 組織変更 / 令3. 10. 1,医療法人社団岡田クリニック　理事長　岡田　恒弘,岡田　恒弘 / 現存,平15. 10. 1,内　循,診療所,,,,,,,,,,,,,,
0,1628,〒998－0864,酒田市新橋１－１４－１０,0234-21-6055,本間　健太郎,本間　健太郎 / 現存,平16. 4. 1,内　循　呼,診療所,,,,,,,,,,,,,,
4,1629,〒998－0044,酒田市中町３丁目５番２３号,0234-22-2556 / 移転 / 令4. 11. 1,医療法人健友会　理事長　本間　修 / 療養　　     50 / 内　外　ひ　循環器内科　整外　消化器外科　腎臓内科　放,菅原　保 / 療養病床 / 現存,平16. 11. 1,一般　　    108,病院,,,,,,,,,,,,,,
2,1630,〒998－0013,酒田市東泉町５丁目８番２号,0234-23-3212,大滝　晋介,大滝　晋介 / 現存,平17. 7. 1,小　アレ,診療所,,,,,,,,,,,,,,
4,1631,〒998－0044,酒田市中町三丁目４番１２号,0234-22-2652 / 移転 / 令6. 3. 1,医療法人健友会　理事長　本間　修,中山　恭子 / 現存,平18. 3. 1,腎臓内科　内　外,診療所,,,,,,,,,,,,,,
0,1632,〒998－0842,酒田市亀ケ崎５－５－２２,0234-22-8224 / 組織変更 / 令6. 5. 1,医療法人誠心会　理事長　佐藤　一宣,佐藤　一宣 / 現存,平18. 5. 1,眼,診療所,,,,,,,,,,,,,,
8,1633,〒998－0828,酒田市あきほ町６５３ー９,0234-22-1880,浅野　正二,浅野　正二 / 現存,平19. 4. 2,内　呼　胃　消　循,診療所,,,,,,,,,,,,,,
6,1634,〒998－0842,酒田市亀ケ崎３－２－１３,0234-24-8855 / 組織変更 / 令7. 4. 1,医療法人かめがさき整形外科　理事長　安田　健一,安田　健一 / 現存,平19. 4. 1,整外　リハ,診療所,,,,,,,,,,,,,,
4,1635,〒998－0022,酒田市駅東２－４－８,0234-25-8208 / 組織変更 / 令7. 4. 1,医療法人長島整形外科クリニック　理事長　長島　太郎,長島　太郎 / 現存,平19. 4. 1,整外　リハ　リウ,診療所,,,,,,,,,,,,,,
2,1636,〒999－6701,酒田市砂越字粕町１００,0234-52-3933 / 組織変更 / 令7. 4. 1,医療法人影沢内科医院　理事長　影沢　峰行,影沢　峰行 / 現存,平19. 4. 1,内　消,診療所,,,,,,,,,,,,,,
0,1637,〒998－0842,酒田市亀ケ崎７－１－５,0234-21-5757 / 組織変更 / 令7. 4. 1,医療法人安孫子皮ふ科　理事長　安孫子　孝宏,安孫子　孝宏 / 現存,平19. 4. 1,皮,診療所,,,,,,,,,,,,,,
8,1638,〒998－0842,酒田市亀ケ崎１－１０－１,0234-22-0235 / 組織変更 / 令7. 4. 1,医療法人まつざわ眼科　理事長　松澤　豪,松澤　豪 / 現存,平19. 4. 1,眼,診療所,,,,,,,,,,,,,,
5,1639,〒998－0036,酒田市船場町２－１－３１,0234-21-5225 / 移転 / 令7. 7. 1,酒田市　酒田市長　矢口　明子,大滝　晋介 / 現存,平19. 7. 1,内　小　外,診療所,,,,,,,,,,,,,,
3,1640,〒998－0861,酒田市富士見町三丁目２－３,0234-31-7151,黒木　亮,黒木　亮 / 現存,平20. 3. 3,脳外　神内　内　リハ,診療所,,,,,,,,,,,,,,
9,1641,〒998－0828,酒田市あきほ町６５８－６,0234-31-9222,齋藤　寬幸,齋藤　寬幸 / 現存,平20. 5. 1,皮,診療所,,,,,,,,,,,,,,
7,1642,〒998－8501,酒田市あきほ町３０番地,0234-26-2001 / 令2. 4. 1,地方独立行政法人山形県・酒田市病院機構　理事長　島貫　隆夫 / 4 / 内　循　消　精　神内　小　外　小外　整外　形外　リハ　脳外　心外　呼外　皮　ひ　産婦　眼　耳い　放　歯外　麻　救命　病理　内視鏡内科　乳腺外科　緩和ケア内科　頭頸部外科,橋爪　英二 / その他,平20. 4. 1 / 一般（感染）,一般　　    586 / 現存,病院,,,,,,,,,,,,,,
5,1643,〒998－0843,酒田市千石町二丁目３番２０号,0234-23-1111 / その他 / 令2. 4. 1,地方独立行政法人山形県・酒田市病院機構　理事長　島貫　隆夫 / 療養    114 / 内　リハ,尾鷲　和也 / 現存,平20. 4. 1,療養,病院,,,,,,,,,,,,,,
3,1644,〒998－0125,酒田市広野字末広１０５番地４,0234-92-2210 / 移転 / 令2. 7. 1,医療法人社団池田内科医院　理事長　池田　眞人 / 内,池田　眞人 / 現存,平20. 7. 1,一般　　      6,診療所,,,,,,,,,,,,,,
1,1645,〒998－0842,酒田市亀ケ崎３丁目２番１号,0234-21-6211 / 組織変更 / 令3. 4. 1,医療法人外科内科渡邊クリニック　理事長　渡邊　公伸,渡邊　公伸 / 現存,平21. 4. 1,外　内　呼　胃　こう,診療所,,,,,,,,,,,,,,
4,1646,〒998－0851,酒田市東大町２丁目６－４,0234-21-0148 / 移転 / 令4. 3. 1,医療法人桜心会　理事長　荒木　桂,荒木　桂 / 現存,平22. 3. 1,精　心内,診療所,,,,,,,,,,,,,,
2,1647,〒998－0853,酒田市みずほ２丁目２０－７,0234-28-8682,坂井　庸祐,坂井　庸祐 / 現存,平23. 4. 1,内　外　緩和ケア内科,診療所,,,,,,,,,,,,,,
0,1648,〒998－0824,酒田市大宮町一丁目４－１７,0234-21-2225,土谷　大仁朗,土谷　大仁朗 / 現存,平24. 3. 1,眼,診療所,,,,,,,,,,,,,,
6,1649,〒998－0834,酒田市若竹町二丁目３番２号,0234-24-4187,川口　和浩,川口　和浩 / 現存,平25. 4. 1,耳い　アレ,診療所,,,,,,,,,,,,,,
4,1650,〒998－0857,酒田市若浜町５－２９,0234-43-8108,今泉　和臣,今泉　和臣 / 現存,平25. 4. 1,内　消,診療所,,,,,,,,,,,,,,
2,1651,〒998－0842,酒田市亀ケ崎３丁目７－１３,0234-31-7750 / 組織変更 / 令2. 11. 1,医療法人藤森クリニック　理事長　藤森　清,藤森　清 / 現存,平26. 11. 1,脳外　内,診療所,,,,,,,,,,,,,,
0,1652,〒998－0013,酒田市東泉町二丁目９番地の３,0234-23-7222 / その他 / 令2. 11. 1,道本　修一郎,道本　修一郎 / 現存,平26. 11. 1,眼,診療所,,,,,,,,,,,,,,
6,1653,〒998－0074,酒田市浜松町１番７号,0234-33-3355 / 移転 / 令3. 9. 22,医療法人山容会　理事長　小林　和人 / 精神    220 / 精　内,小林　和人 / 現存,平27. 9. 22,精神,病院,,,,,,,,,,,,,,
3,1654,〒998－0006,酒田市ゆたか２－７－４,0234-43-6731 / 移転 / 令4. 5. 1,医療法人太田医院　理事長　太田　聡 / 一般     12 / 産婦　小,太田　聡 / 現存,平28. 5. 1,一般,診療所,,,,,,,,,,,,,,
1,1655,〒998－0029,酒田市住吉町１７－１,0234-33-5248,秋葉　春彦,秋葉　春彦 / 現存,平28. 10. 1,内　リウ　漢方内科,診療所,,,,,,,,,,,,,,
9,1656,〒998－0025,酒田市南千日町１０－４８,0234-22-1093 / 交代 / 令5. 1. 1,本田　陽子,本田　陽子 / 現存,平29. 1. 1,婦　内,診療所,,,,,,,,,,,,,,
7,1657,〒998－0061,酒田市光ケ丘二丁目４番１８号,0234-33-0738 / 移転 / 令6. 1. 1,医療法人ほんま内科胃腸科医院　理事長　本間　清和,本間　清和 / 現存,平30. 1. 1,内　胃,診療所,,,,,,,,,,,,,,
5,1658,〒999－8234,酒田市小泉字前田３７番地,0234-64-3311 / 交代 / 令6. 4. 1,地方独立行政法人山形県・酒田市病院機構　理事長　島貫　隆夫,土井　和博 / 現存,平30. 4. 1,内　外　整外　リハ,診療所,,,,,,,,,,,,,,
3,1659,〒999－8201,酒田市升田字東向１６番地,0234-64-4925 / 交代 / 令6. 4. 1,地方独立行政法人山形県・酒田市病院機構　理事長　島貫　隆夫,土井　和博 / 現存,平30. 4. 1,内,診療所,,,,,,,,,,,,,,
1,1660,〒999－8211,酒田市北青沢家ノ前２８０番地,0234-64-4921,地方独立行政法人山形県・酒田市病院機構　理事長　島貫　隆夫,髙橋　裕也 / 現存,平30. 4. 1,内,診療所,,,,,,,,,,,,,,
9,1661,〒999－6862,酒田市字西田８番地の１,0234-62-2032,地方独立行政法人山形県・酒田市病院機構　理事長　島貫　隆夫,網干　岳 / 現存,平30. 4. 1,内　外,診療所,,,,,,,,,,,,,,
7,1662,〒999－6814,酒田市地見興屋字前割９番地の１,0234-62-2047,地方独立行政法人山形県・酒田市病院機構　理事長　島貫　隆夫,佐藤　優雅 / 現存,平30. 4. 1,内　外,診療所,,,,,,,,,,,,,,
5,1663,〒998－0281,酒田市飛島字勝浦甲６６,0234-95-2021 / 交代 / 令6. 4. 1,地方独立行政法人山形県・酒田市病院機構　理事長　島貫　隆夫,内野　英明 / 現存,平30. 4. 1,内　外,診療所,,,,,,,,,,,,,,
2,1664,〒998－0853,酒田市みずほ一丁目２番地２０,0234-43-1337 / 組織変更 / 令6. 5. 1,医療法人わたべクリニック　渡部　俊幸,渡部　俊幸 / 現存,平30. 5. 1,精　心内,診療所,,,,,,,,,,,,,,
0,1665,〒998－0051,酒田市高見台一丁目１３番１４号,0234-31-7871,医療法人　健友会　理事長　本間　修,本間　修 / 現存,平30. 8. 20,外　内,診療所,,,,,,,,,,,,,,
8,1666,〒998－0864,酒田市新橋３丁目１－３８,0234-25-0700,水落　宏太,水落　宏太 / 現存,平30. 12. 1,外　内　肛門外科,診療所,,,,,,,,,,,,,,
6,1667,〒998－0843,酒田市千石町２丁目１１番２７号,0234-25-0225,谷川　秀樹,谷川　秀樹 / 現存,令元. 5. 1,内　呼内,診療所,,,,,,,,,,,,,,
2,1668,〒998－0856,酒田市東栄町７－１１,0234-23-5131 / 交代 / 令3. 11. 1,村山　最二郎,村山　最二郎 / 現存,令3. 11. 1,内　外　消内　ひ,診療所,,,,,,,,,,,,,,
0,1669,〒998－0023,酒田市幸町二丁目８番２０号,0234-43-6177 / 組織変更 / 令4. 7. 1,医療法人ＳＭＣ　理事長　渋谷　直史,渋谷　直史 / 現存,令4. 7. 1,心内　精,診療所,,,,,,,,,,,,,,
8,1670,〒998－0842,酒田市亀ケ崎６丁目９番７号,0234-25-3217,医療法人丸岡医院　理事長　丸岡　喬,丸岡　悠 / 現存,令6. 12. 1,内　循　皮　形外,診療所,,,,,,,,,,,,,,
6,1671,〒998－0006,酒田市ゆたか３丁目２番１４,0234-31-7888,大石　祥,大石　祥 / 現存,令7. 4. 1,精　心内,診療所,,,,,,,,,,,,,,
4,1672,〒998－0032,酒田市相生町一丁目３番１９号,0234-22-1833 / 移転 / 令7. 4. 28,医療法人　海野医院　理事長　海野　さち子,海野　さち子 / 現存,令7. 4. 28,眼,診療所,,,,,,,,,,,,,,
3,1673,〒996－0053,新庄市大字福田８０６,0233-22-2047,医療法人社団清明会　理事長　廣井　正彦 / 精　内　神内　心内　老年内科,山口　智 / 現存,昭46. 4. 1,精神　　    180,病院,,,,,,,,,,,,,,
0,1674,〒996－0076,新庄市城西町４－３２,0233-23-0287,今田　雅人,今田　雅人 / 現存,昭58. 12. 1,整外,診療所,,,,,,,,,,,,,,
8,1675,〒996－0084,新庄市大手町５－１１,0233-22-4053,医療法人三條医院　理事長　三條　典男 / 産婦　内　心内　小,三條　典男 / 現存,平2. 1. 1,一般　　     19,診療所,,,,,,,,,,,,,,
3,1676,〒996－0085,新庄市堀端町７－７８,0233-23-4141,山口　千賀子,山口　千賀子 / 現存,平3. 10. 1,皮,診療所,,,,,,,,,,,,,,
1,1677,〒996－0001,新庄市五日町７２０－２,0233-22-1070,医療法人社団健生会　理事長　渡部　厚,渡部　厚 / 現存,平4. 1. 1,内　外　こう　皮　ひ,診療所,,,,,,,,,,,,,,
1,1678,〒996－0035,新庄市鉄砲町７－２８,0233-22-2036,医療法人小内医院　理事長　小内　裕,小内　裕 / 現存,平5. 5. 1,内　糖尿病内科　内分泌内科,診療所,,,,,,,,,,,,,,
6,1679,〒996－0088,新庄市桧町１８－２,0233-23-7011 / 組織変更 / 令4. 1. 1,医療法人土田医院　理事長　土田　秀也,土田　秀也 / 現存,平10. 1. 1,内　胃　小,診療所,,,,,,,,,,,,,,
2,1680,〒996－0041,新庄市大字鳥越字駒場４６２３,0233-23-3434 / 令4. 12. 1,医療法人徳洲会　理事長　東上　震一 / 内　循　外　整外　ひ　耳い　リハ　放　歯外　婦　腎臓内科,笹壁　弘嗣 / 新規 / 現存,平10. 12. 1 / 療養　　     92,一般　　    178 / 療養病床,病院,,,,,,,,,,,,,,
0,1681,〒996－0091,新庄市十日町２７６４－１,0233-23-5866 / 組織変更 / 令6. 3. 7,医療法人社団きねぶち医院　理事長　杵渕　篤,杵渕　篤 / 現存,平12. 3. 7,内　胃　小　外,診療所,,,,,,,,,,,,,,
6,1682,〒999－5103,新庄市泉田字泉田１０－１,0233-25-2501 / 組織変更 / 令2. 4. 1,医療法人社団こくの医院　理事長　穀野　真一郎,穀野　真一郎 / 現存,平14. 4. 1,内　消　外,診療所,,,,,,,,,,,,,,
4,1683,〒996－0011,新庄市東谷地田町５－７,0233-28-8655,田中井　道夫,田中井　道夫 / 現存,平14. 10. 1,整外　リハ　リウ,診療所,,,,,,,,,,,,,,
1,1684,〒999－5103,新庄市大字泉田字泉田４６５番地,0233-24-2020,阿部　茂,阿部　茂 / 現存,平15. 12. 1,内　循　循環器内科,診療所,,,,,,,,,,,,,,
9,1685,〒996－0023,新庄市沖の町３番３号,0233-23-3959 / 移転 / 令5. 7. 13,医療法人社団慈心会　理事長　井出　智子,細田　明良 / 現存,平17. 7. 13,眼,診療所,,,,,,,,,,,,,,
5,1686,〒996－0011,新庄市東谷地田町２－６,0233-28-1080,佐野　嘉紘,佐野　嘉紘 / 現存,平18. 5. 1,内　消　小,診療所,,,,,,,,,,,,,,
9,1687,〒996－0051,新庄市松本４９２,0233-23-3128,福井　元,福井　元 / 現存,平19. 6. 1,整外　循,診療所,,,,,,,,,,,,,,
7,1688,〒996－0073,新庄市栄町６－６,0233-29-9133,長谷川　智彦,長谷川　智彦 / 現存,平19. 9. 27,耳い,診療所,,,,,,,,,,,,,,
5,1689,〒996－0073,新庄市栄町６－１,0233-28-0840,丸橋　成次郎,丸橋　成次郎 / 現存,平19. 11. 1,内,診療所,,,,,,,,,,,,,,
3,1690,〒996－0027,新庄市本町４－３３こらっせ新庄２Ｆ,0233-32-0110,佐野　嘉紘,佐野　嘉紘 / 現存,平21. 10. 1,内　小,診療所,,,,,,,,,,,,,,
4,1691,〒996－0084,新庄市大手町２番２９号,0233-32-1617,今井　香織,今井　香織 / 現存,平25. 11. 1,リウ　内　形外,診療所,,,,,,,,,,,,,,
2,1692,〒996－0088,新庄市桧町２１番地２,0233-23-4133 / 組織変更 / 令3. 2. 1,医療法人よしだ耳鼻咽喉科クリニック　理事長　吉田　信,吉田　信 / 現存,平27. 2. 1,耳い　アレ,診療所,,,,,,,,,,,,,,
0,1693,〒996－0033,新庄市下金沢町５番３３号,0233-29-7700,野　摂,野　摂 / 現存,平30. 10. 1,内　呼内　小　循,診療所,,,,,,,,,,,,,,
8,1694,〒996－0025,新庄市若葉町１５－１,0233-22-0230,芦沢　好夫,芦沢　好夫 / 現存,平30. 11. 1,ひ　皮,診療所,,,,,,,,,,,,,,
6,1695,〒996－0053,新庄市大字福田８０６番地,0233-28-0277 / 移転 / 令4. 5. 1,医療法人　光仁会　理事長　廣井　正彦,安達　雅史 / 現存,令4. 5. 1,脳外　内　ひ,診療所,,,,,,,,,,,,,,
4,1696,〒996－0023,新庄市沖の町４番１９号,0233-29-7221,菅原　心平,菅原　心平 / 現存,令4. 11. 1,内　消内,診療所,,,,,,,,,,,,,,
2,1697,〒996－0023,新庄市沖の町１０－２２,0233-22-2059 / 交代 / 令4. 10. 1,須藤　昌亮,須藤　昌亮 / 現存,令4. 10. 1,小　内,診療所,,,,,,,,,,,,,,
9,1698,〒996－0035,新庄市鉄砲町２－６,0233-25-8605,池谷　龍一,池谷　龍一 / 現存,令5. 4. 10,精　心内,診療所,,,,,,,,,,,,,,
7,1699,〒996－8585,新庄市金沢７２０番地の１,0233-22-5525 / 令5. 10. 1,山形県知事　吉村　美栄子 / 4 / 内　消　循　呼　小　外　整外　形外　脳外　皮　ひ　産婦　眼　耳い　放　麻　精　心内　リハ　歯　血液内科　腫瘍内科　腎臓内科　糖尿病・内分泌内科　脳神経内科　緩和ケア内科　乳腺外科　救急科,八戸　茂美 / 移転,令5. 10. 1 / 一般（感染）,一般　　    321 / 現存,病院,,,,,,,,,,,,,,
4,1700,〒991－0031,寒河江市本町２－１１－４３,0237-86-2185,医療法人小松医院　理事長　小松　栄一,小松　栄一 / 現存,昭32. 9. 21,内　呼　循,診療所,,,,,,,,,,,,,,
3,1701,〒991－8508,寒河江市大字寒河江字塩水８０,0237-86-2101,寒河江市長　齋藤　真朗 / 療養　　     42 / 内　外　整外　皮　眼　リハ,後藤　康夫 / 現存,昭48. 11. 9,一般　　     56,病院,,,,,,,,,,,,,,
7,1702,〒991－0041,寒河江市大字寒河江字小和田２５－１,0237-86-6408,渡辺　徳夫 / 外　胃　整外,渡辺　徳夫 / 現存,昭49. 5. 17,一般,診療所,,,,,,,,,,,,,,
6,1703,〒991－0021,寒河江市中央１－１４－１１,0237-86-2301,医療法人社団松喬会　理事長　菊地　隆三,菊地　隆三 / 現存,平元. 4. 1,胃　内,診療所,,,,,,,,,,,,,,
0,1704,〒991－0053,寒河江市元町２－４－３,0237-86-8282,医療法人土田内科医院　理事長　土田　秀一,土田　秀一 / 現存,平2. 4. 1,内　循　消化器内科,診療所,,,,,,,,,,,,,,
7,1705,〒991－0032,寒河江市南町２－１－１２,0237-86-3026,医療法人あびこ耳鼻咽喉科クリニック　理事長　安孫子　譲,安孫子　譲 / 現存,平5. 4. 1,耳い　気食,診療所,,,,,,,,,,,,,,
7,1706,〒991－0063,寒河江市大字柴橋７１８－１,0237-84-5600,三浦　民夫,三浦　民夫 / 現存,平7. 6. 1,内　循,診療所,,,,,,,,,,,,,,
0,1707,〒991－0011,寒河江市大字日田字五反２０４－３,0237-83-3300,佐藤　聡,佐藤　聡 / 現存,平9. 4. 1,内　呼　循,診療所,,,,,,,,,,,,,,
8,1708,〒991－0053,寒河江市元町３－８－９,0237-84-5311 / 組織変更 / 令4. 4. 1,医療法人にとう小児科医院　理事長　仁藤　敏昭,仁藤　敏昭 / 現存,平10. 4. 1,小,診療所,,,,,,,,,,,,,,
6,1709,〒991－0034,寒河江市栄町７－１１,0237-86-3101,熊坂　庸恵,熊坂　庸恵 / 現存,平10. 6. 1,整外,診療所,,,,,,,,,,,,,,
2,1710,〒991－0045,寒河江市小沼町６９－１,0237-84-5500 / 組織変更 / 令5. 1. 1,医療法人平野医院　理事長　平野　順治,平野　順治 / 現存,平11. 1. 1,ひ　皮,診療所,,,,,,,,,,,,,,
0,1711,〒991－0021,寒河江市中央１－１３－３１,0237-86-4331 / 組織変更 / 令5. 1. 1,医療法人豊岡整形外科　理事長　豊岡　聡,豊岡　聡 / 現存,平11. 1. 1,整外　リウ　リハ　外,診療所,,,,,,,,,,,,,,
8,1712,〒991－0056,寒河江市落衣前２－１,0237-86-0330 / 組織変更 / 令5. 1. 1,医療法人折居内科医院　理事長　折居　和夫,折居　和夫 / 現存,平11. 1. 1,内　神内　リハ,診療所,,,,,,,,,,,,,,
6,1713,〒991－0065,寒河江市大字中郷１４５０番地の１,0237-84-4103 / 組織変更 / 令6. 4. 1,医療法人社団緑星会国井クリニック　理事長　國井　兵太郎 / 一般     15 / 産婦　小,國井　兵太郎 / 現存,平12. 4. 1,一般,診療所,,,,,,,,,,,,,,
4,1714,〒991－0003,寒河江市大字西根字下堰５０９,0237-86-8600 / 組織変更 / 令7. 4. 1,医療法人大原医院　理事長　大原　昇,大原　昇 / 現存,平13. 4. 1,内　消　皮,診療所,,,,,,,,,,,,,,
2,1715,〒991－0031,寒河江市本町２－５－２０,0237-86-5550 / 移転 / 令元. 10. 2,医療法人社団功成会　理事長　小関　一彦,小関　一彦 / 現存,平13. 10. 2,内　胃,診療所,,,,,,,,,,,,,,
9,1716,〒991－0057,寒河江市内ノ袋１－９－６,0237-85-5511,佐藤　政悦,佐藤　政悦 / 現存,平16. 5. 6,整外　リハ,診療所,,,,,,,,,,,,,,
5,1717,〒991－0023,寒河江市丸内１丁目５番３０号,0237-86-0005 / 組織変更 / 令5. 4. 1,医療法人功明会　理事長　山﨑　悦功,山﨑　悦功 / 現存,平17. 4. 1,脳外　内　外　神内,診療所,,,,,,,,,,,,,,
1,1718,〒991－0013,寒河江市高田１ー１０ー１０,0237-85-8700 / 組織変更 / 令7. 2. 1,医療法人田村クリニック　理事長　田村　真明,田村　真明 / 現存,平19. 2. 1,内　消化器内科,診療所,,,,,,,,,,,,,,
9,1719,〒991－0054,寒河江市仲谷地二丁目３－６,0237-83-3456,寺島　和人,寺島　和人 / 現存,平20. 4. 1,眼,診療所,,,,,,,,,,,,,,
3,1720,〒991－0023,寒河江市丸内３丁目４－３４,0237-85-0311,川本　真都,川本　真都 / 現存,平24. 4. 1,透析,診療所,,,,,,,,,,,,,,
1,1721,〒991－0043,寒河江市大字島字島東８７番地２,0237-85-6611 / 移転 / 令4. 7. 1,医療法人ゆうし会　理事長　浅沼　拓 / 精　心内　内,中西　圭吉 / 現存,平28. 7. 1,精神　　    130,病院,,,,,,,,,,,,,,
8,1722,〒991－0033,寒河江市末広町２－３３,0237-86-4395 / 交代 / 令5. 4. 1,秋葉　理,秋葉　理 / 現存,平29. 4. 1,整外　内　外　皮,診療所,,,,,,,,,,,,,,
6,1723,〒991－0041,寒河江市大字寒河江字月越５－２,0237-86-3215 / 交代 / 令5. 4. 1,細田　香苗,細田　香苗 / 現存,平29. 4. 1,産婦,診療所,,,,,,,,,,,,,,
4,1724,〒991－0021,寒河江市中央１－１４－３６,0237-86-2641 / 交代 / 令6. 1. 1,武田　宰,武田　宰 / 現存,平30. 1. 1,内　呼吸器内科,診療所,,,,,,,,,,,,,,
0,1725,〒991－0041,寒河江市大字寒河江字久保５番地,0237-84-0800 / 交代 / 令7. 4. 1,一般社団法人寒河江市西村山郡医師会　代表理事　鈴木　明朗,太田　郁郎 / 現存,平31. 4. 1,内,診療所,,,,,,,,,,,,,,
8,1726,〒991－0025,寒河江市八幡町１番１０号,0237-84-7705,石川　安都子,石川　安都子 / 現存,令元. 5. 21,小児科,診療所,,,,,,,,,,,,,,
2,1727,〒991－0053,寒河江市元町１丁目２番地の１,0237-86-6188 / 交代 / 令4. 4. 1,横山　哲也,横山　哲也 / 現存,令4. 4. 1,耳い,診療所,,,,,,,,,,,,,,
0,1728,〒991－0065,寒河江市大字中郷１０４２－２,0237-84-6101 / 組織変更 / 令4. 12. 12,医療法人社団　あんどうクリニック　理事長　安藤　嘉章,安藤　嘉章 / 現存,令4. 12. 12,内　消内,診療所,,,,,,,,,,,,,,
7,1729,〒991－0022,寒河江市七日町５番１号,0237-84-6623 / 組織変更 / 令5. 9. 1,医療法人社団月山会　理事長　小山　翔平,小原　和宏 / 現存,令5. 9. 1,整外　リハ　内,診療所,,,,,,,,,,,,,,
5,1730,〒991－0021,寒河江市中央一丁目１３番３５号,0237-86-6900 / 交代 / 令6. 8. 1,医療法人社団慈心会　理事長　井出　智子,鈴木　一作 / 現存,令6. 8. 1,眼,診療所,,,,,,,,,,,,,,
8,1731,〒999－3103,上山市金谷字下河原１３７０番地,023-672-2551,社会医療法人二本松会　理事長　峯田　武興 / 精　心内　内,村岡　義明 / 現存,昭32. 9. 21,精神　　    354,病院,,,,,,,,,,,,,,
9,1732,〒999－3145,上山市河崎３－７－１,023-673-3366 / 令6. 7. 1,山形県知事,伊東　愛子 / 新規,昭57. 7. 1 / 整外　小　歯　精　耳い　ひ　リハ,一般　　     60 / 現存,病院,,,,,,,,,,,,,,
8,1733,〒999－3144,上山市石崎２－１－８,023-672-1028,医療法人社団博誠会　理事長　原田　一博,原田　一博 / 現存,昭61. 10. 1,内　産婦　小　整外　リハ　消,診療所,,,,,,,,,,,,,,
8,1734,〒999－3142,上山市沢丁９－１３,023-672-0308,医療法人長清会　理事長　長岡　由女 / 内　循環器内科　人工透析内科　腎臓内科　皮,櫻井　清陽 / 現存,平元. 10. 1,一般　　      7,診療所,,,,,,,,,,,,,,
9,1735,〒999－3134,上山市矢来４－１１－４６,023-672-7331,医療法人藤倉会　理事長　藤倉　益雄,藤倉　益雄 / 現存,平4. 6. 1,内,診療所,,,,,,,,,,,,,,
1,1736,〒999－3161,上山市弁天２丁目２番１１号,023-672-8282 / 令5. 9. 1,社会医療法人みゆき会　理事長　武井　寛 / 整外　内　歯　リハ　放　麻　脳外,安藤　常浩 / 新規,平5. 9. 1 / 療養　　     90,一般　　     93 / 現存,病院,,,,,,,,,,,,,,
7,1737,〒999－3157,上山市御井戸丁３－３,023-672-8234,医療法人社団御殿湯ひふ科医院　理事長　佐藤　紀嗣,佐藤　紀嗣 / 現存,平7. 4. 1,皮,診療所,,,,,,,,,,,,,,
8,1738,〒999－3145,上山市河崎１－２－３９,023-673-1680 / その他 / 令5. 12. 1,医療法人社団ベテル会　理事長　丹治　治子,丹治　治子 / 現存,平8. 12. 1,内　小,診療所,,,,,,,,,,,,,,
6,1739,〒999－3153,上山市十日町７番３号,023-672-2501 / 交代 / 令4. 1. 21,渋谷　真一郎,渋谷　真一郎 / 現存,平10. 1. 21,整外　内　リハ,診療所,,,,,,,,,,,,,,
4,1740,〒999－3134,上山市矢来三丁目７番３２ー１４号,023-695-5000,北村　洋史,北村　洋史 / 現存,平10. 3. 2,脳外　神内　内　リハ,診療所,,,,,,,,,,,,,,
2,1741,〒999－3133,上山市八日町４番２１号,023-672-7777 / 組織変更 / 令6. 4. 1,医療法人青山医院　理事長　青山　浩,青山　浩 / 現存,平12. 4. 1,内　循　小,診療所,,,,,,,,,,,,,,
2,1742,〒999－3125,上山市金生東１－１０－１５,023-673-7515 / 組織変更 / 令3. 10. 1,医療法人社団一誠会　理事長　吉井　英一,吉井　英一 / 現存,平15. 10. 1,内　胃,診療所,,,,,,,,,,,,,,
0,1743,〒999－3124,上山市金生１丁目１５番１０号,023-672-8001 / 令5. 4. 1,医療法人社団健成会　理事長　新田　長生,新田　長生 / 組織変更,平17. 4. 1,整外　リハ　歯　矯歯　小歯 / 現存,診療所,,,,,,,,,,,,,,
7,1744,〒999－3162,上山市四ツ谷一丁目６番３５号,023-677-0050 / 組織変更 / 令4. 4. 1,医療法人ことぶき会　理事長　山口　寿功,山口　寿功 / 現存,平22. 4. 1,ひ　皮,診療所,,,,,,,,,,,,,,
5,1745,〒999－3171,上山市狸森字久々取５１１番１,023-675-2321 / 移転 / 令6. 4. 1,上山市長　山本　幸靖,原田　順二 / 現存,平24. 4. 1,内　外,診療所,,,,,,,,,,,,,,
3,1746,〒999－3133,上山市八日町１－１,023-672-0239 / 交代 / 令6. 11. 2,関根　智久 / 一般      3 / 外　眼　内　消,関根　智久 / 現存,平24. 11. 2,一般,診療所,,,,,,,,,,,,,,
1,1747,〒999－3158,上山市新町２－２－３４,023-672-3230 / 移転 / 令元. 9. 24,医療法人金沢医院　理事長　金沢　康之,金沢　康之 / 現存,平25. 9. 24,内　消,診療所,,,,,,,,,,,,,,
9,1748,〒999－3153,上山市十日町９番２号,023-672-0008 / 交代 / 令2. 6. 1,原田　正夫,原田　正夫 / 現存,平26. 6. 1,眼,診療所,,,,,,,,,,,,,,
7,1749,〒999－3163,上山市軽井沢２丁目３番２９号,023-674-7300,妹尾　和克,妹尾　和克 / 現存,平27. 9. 1,内　外,診療所,,,,,,,,,,,,,,
3,1750,〒999－3161,上山市弁天２丁目３番２２号,023-673-9022,望月　典子,望月　典子 / 現存,平29. 10. 1,眼,診療所,,,,,,,,,,,,,,
1,1751,〒999－3123,上山市美咲町二丁目４番４３号,023-687-1287 / 組織変更 / 令2. 1. 6,医療法人社団　桃杏会　理事長　和氣　貴祥,和氣　貴祥 / 現存,令2. 1. 6,耳い,診療所,,,,,,,,,,,,,,
4,1752,〒995－0033,村山市楯岡新町３－２４－３,0237-55-2238,鈴木　康洋,鈴木　康洋 / 現存,昭62. 10. 1,内,診療所,,,,,,,,,,,,,,
9,1753,〒995－0018,村山市楯岡新高田９－２４,0237-55-3425,医療法人八鍬医院　理事長　八鍬　直,八鍬　直 / 現存,平元. 4. 1,内,診療所,,,,,,,,,,,,,,
3,1754,〒995－0016,村山市楯岡晦日町５－２,0237-55-7300,佐藤　紀之 / 眼,佐藤　紀之 / 現存,平5. 12. 1,一般　　      8,診療所,,,,,,,,,,,,,,
1,1755,〒995－0003,村山市大字本飯田５８４,0237-58-2014,小室　淳,小室　淳 / 現存,平6. 1. 1,内　呼内　小　アレ,診療所,,,,,,,,,,,,,,
9,1756,〒995－0033,村山市楯岡新町２－７－１７,0237-55-3511,医療法人恵泉　理事長　半田　和広,半田　和広 / 現存,平7. 9. 1,内　消　小,診療所,,,,,,,,,,,,,,
7,1757,〒995－8666,村山市中央１－３－６,0237-55-2972,村山市　村山市長　志布　隆夫,八鍬　直 / 現存,平10. 6. 1,内　小,診療所,,,,,,,,,,,,,,
8,1758,〒995－0015,村山市楯岡二日町７番７号,0237-55-2960,三浦　香,三浦　香 / 現存,平16. 8. 2,小　アレ,診療所,,,,,,,,,,,,,,
6,1759,〒995－0038,村山市駅西１９－１５,0237-52-0380 / 組織変更 / 令5. 2. 1,医療法人奥山クリニック　理事長　奥山　雅基,奥山　雅基 / 現存,平17. 2. 1,内　循　小　リハ,診療所,,,,,,,,,,,,,,
2,1760,〒995－0033,村山市楯岡新町３－３４－２７,0237-55-8558 / 組織変更 / 令7. 4. 1,医療法人まつき整形外科クリニック　理事長　松木　達也,松木　達也 / 現存,平19. 4. 1,整外　リハ,診療所,,,,,,,,,,,,,,
0,1761,〒995－0034,村山市楯岡五日町１４－２５,0237-52-5050 / 組織変更 / 令7. 4. 1,医療法人小野内科胃腸科クリニック　理事長　小野　和彦,小野　和彦 / 現存,平19. 4. 1,内　胃,診療所,,,,,,,,,,,,,,
4,1762,〒995－0038,村山市駅西１８番２号,0237-55-2528 / 移転 / 令2. 4. 1,医療法人三浦皮膚科医院　理事長　三浦　歩,三浦　歩 / 現存,平20. 4. 1,皮,診療所,,,,,,,,,,,,,,
0,1763,〒995－0038,村山市駅西１９番２６号,0237-55-8733 / 組織変更 / 令4. 5. 1,医療法人社団甲州医院　理事長　甲州　秀浩,甲州　秀浩 / 現存,平22. 5. 1,耳い　アレ,診療所,,,,,,,,,,,,,,
7,1764,〒995－0032,村山市楯岡荒町１－７－６,0237-55-3435 / 交代 / 令5. 5. 7,髙橋　洋,髙橋　洋 / 現存,平23. 5. 7,心内　内　精,診療所,,,,,,,,,,,,,,
5,1765,〒995－0112,村山市大字湯野沢１９２１番地,0237-54-3888 / 組織変更 / 令6. 1. 4,医療法人社団シオン　理事長　羽根田　敏,羽根田　敏 / 現存,平24. 1. 4,内　小　神内　消,診療所,,,,,,,,,,,,,,
1,1766,〒995－0033,村山市楯岡新町４丁目９番６号,0237-53-0770 / 組織変更 / 令4. 6. 1,医療法人かるべクリニック　理事長　軽部　宏紀,軽部　宏紀 / 現存,平28. 6. 1,内　糖尿病内科　血液内科,診療所,,,,,,,,,,,,,,
9,1767,〒995－0033,村山市楯岡新町３丁目２－２,0237-53-8451,小室　堅太郎,小室　堅太郎 / 現存,令3. 3. 1,内　循　呼内,診療所,,,,,,,,,,,,,,
2,1768,〒993－0084,長井市栄町１１番１７号,0238-84-2004,医療法人社団仁陽会　理事長　外田　博貴,外田　博貴 / 現存,昭63. 4. 1,内　消　外　リハ,診療所,,,,,,,,,,,,,,
6,1769,〒993－0051,長井市幸町１７－２７,0238-88-2662,医療法人社団希樹会　理事長　佐藤　慎太郎,佐藤　慎太郎 / 現存,平2. 3. 1,小　内　アレ,診療所,,,,,,,,,,,,,,
4,1770,〒993－0006,長井市あら町６－４７,0238-88-2098,医療法人慈芳会　理事長　阿達　大介,阿達　大介 / 現存,平2. 4. 1,内　リウ　アレ,診療所,,,,,,,,,,,,,,
0,1771,〒993－0085,長井市高野町１－６－１,0238-88-3366,医療法人三上医院　理事長　三上　俊光,三上　俊光 / 現存,平2. 9. 1,内　外　皮,診療所,,,,,,,,,,,,,,
8,1772,〒993－0083,長井市大町８－６,0238-84-2016,医療法人外田医院　理事長　外田　淳,外田　淳 / 現存,平3. 3. 1,内　消　外,診療所,,,,,,,,,,,,,,
5,1773,〒993－0001,長井市ままの上７－１０,0238-84-5799,長井市長,外田　博貴 / 現存,平3. 10. 1,内　小　外,診療所,,,,,,,,,,,,,,
7,1774,〒993－0016,長井市台町６－１,0238-84-7333,医療法人社団有朋会　理事長　池田　祐之,池田　祐之 / 現存,平7. 4. 1,内　消化器内科,診療所,,,,,,,,,,,,,,
3,1775,〒993－0007,長井市本町２－２－１２,0238-88-2720,桑島　一郎 / 眼,桑島　一郎 / 現存,平8. 5. 1,一般　　      8,診療所,,,,,,,,,,,,,,
9,1776,〒993－0007,長井市本町一丁目９番２７－１号,0238-88-2538 / 組織変更 / 令6. 10. 1,医療法人積仁会　理事長　松下　靖,松下　靖 / 現存,平9. 10. 1,ひ　内,診療所,,,,,,,,,,,,,,
2,1777,〒993－0002,長井市屋城町２－１,0238-84-2161,置賜広域病院企業団　企業長　渡邊　丈洋 / 内　神内　精　外　整外　脳外　婦　眼　耳い　ひ　リハ,栗村　正之 / 現存,平12. 11. 1,一般　　     50,病院,,,,,,,,,,,,,,
8,1778,〒993－0084,長井市栄町６番３１号,0238-84-8077 / 組織変更 / 令5. 4. 1,医療法人中村循環器科医院　理事長　中村　和治,中村　和治 / 現存,平17. 4. 1,内　呼　循,診療所,,,,,,,,,,,,,,
3,1779,〒993－0014,長井市小出３９３０番地３,0238-84-8778 / 組織変更 / 令5. 10. 1,医療法人社団すくすく　理事長　中里　満,中里　満 / 現存,平17. 10. 1,小,診療所,,,,,,,,,,,,,,
7,1780,〒993－0075,長井市成田１８８８ー１,0238-87-8000 / 移転 / 令6. 11. 1,医療法人杏山会　理事長　御供　正明 / 療養　　     30 / 精　内　児童精神科　老年精神科,御供　正明 / 現存,平18. 11. 1,精神　　    130,病院,,,,,,,,,,,,,,
3,1781,〒993－0001,長井市ままの上１－１６,0238-84-5811 / 組織変更 / 令7. 4. 1,医療法人斎藤眼科医院　理事長　齋藤　和幸,齋藤　和幸 / 現存,平19. 4. 1,眼,診療所,,,,,,,,,,,,,,
1,1782,〒993－0031,長井市泉字舘の越１９２６－１２,0238-83-1187 / 組織変更 / 令6. 1. 1,医療法人社団前山クリニック　理事長　前山　裕之,前山　裕之 / 現存,平24. 1. 1,耳い　アレ,診療所,,,,,,,,,,,,,,
9,1783,〒993－0003,長井市東町１番１号,0238-88-1789 / 組織変更 / 令6. 7. 1,医療法人社団はぎの内科医院　理事長　萩野　武志,萩野　武志 / 現存,平24. 7. 1,内,診療所,,,,,,,,,,,,,,
5,1784,〒993－0083,長井市大町２番２７号,0238-88-2078 / 組織変更 / 令5. 1. 1,医療法人社団梅津医院　理事長　梅津　一彦,梅津　一彦 / 現存,平29. 1. 1,循　内　胃,診療所,,,,,,,,,,,,,,
7,1785,〒994－0056,天童市干布４０３番地２号,023-654-4701,後藤　溶三,後藤　溶三 / 現存,昭50. 4. 1,内　呼　アレ,診療所,,,,,,,,,,,,,,
3,1786,〒994－0012,天童市大字久野本３６２番地の１,023-653-5725,医療法人社団斗南会　理事長　秋野　貞子 / 精　内　神　心内,伊藤　正尚 / 現存,昭59. 12. 1,精神　　    226,病院,,,,,,,,,,,,,,
2,1787,〒994－0026,天童市東本町三丁目５番２１号,023-654-1188,医療法人社団丹心会　理事長　吉岡　信弥 / 療養　　     48 / 整外　内　脳外　リハ　リウ,吉岡　信弥 / 現存,平2. 9. 1,一般　　     78,病院,,,,,,,,,,,,,,
8,1788,〒994－0026,天童市東本町１－６－２０,0236-53-2603,鞍掛　彰秀,鞍掛　彰秀 / 現存,平3. 12. 21,内　胃,診療所,,,,,,,,,,,,,,
4,1789,〒994－0034,天童市本町２－１－１,0236-53-1103,医療法人ひとみ会　理事長　菅野　馨 / 眼,菅野　馨 / 現存,平4. 4. 1,一般,診療所,,,,,,,,,,,,,,
6,1790,〒994－0041,天童市五日町１－３－７,023-654-2836,医療法人社団三條外科胃腸科医院　理事長　三條　忠夫,三條　忠夫 / 現存,平5. 2. 1,外　内　胃　こう,診療所,,,,,,,,,,,,,,
4,1791,〒994－0012,天童市久野本三丁目１９番２６号,023-653-3282,医療法人社団高橋整形外科　理事長　髙橋　孝典,髙橋　孝典 / 現存,平5. 4. 1,整外　リハ,診療所,,,,,,,,,,,,,,
1,1792,〒994－0063,天童市東長岡２－１－１,023-655-4180,医療法人菅原内科胃腸科医院　理事長　菅原　一彦,菅原　一彦 / 現存,平5. 4. 1,内　胃　消,診療所,,,,,,,,,,,,,,
7,1793,〒994－0003,天童市柏木町１－１０－３６,023-653-0341,大森　昇吾,大森　昇吾 / 現存,平7. 7. 3,眼,診療所,,,,,,,,,,,,,,
0,1794,〒994－0011,天童市北久野本１－１２－２７,023-653-1717,医療法人芳樹会　理事長　秋葉　香,秋葉　香 / 現存,平8. 10. 1,小,診療所,,,,,,,,,,,,,,
6,1795,〒994－0013,天童市老野森１－１５－８,023-653-1488 / 組織変更 / 令4. 4. 1,医療法人亀城会　理事長　平野　和彦,平野　和彦 / 現存,平10. 4. 1,ひ　皮,診療所,,,,,,,,,,,,,,
2,1796,〒994－0068,天童市大字高擶字東浦９４１－２,023-658-4311,阿部　義裕,阿部　義裕 / 現存,平11. 2. 1,整外　リウ　リハ,診療所,,,,,,,,,,,,,,
0,1797,〒994－0047,天童市駅西二丁目５番２０号,023-653-1433 / 組織変更 / 令6. 4. 1,医療法人さとう医院　理事長　佐藤　憲弘,佐藤　憲弘 / 現存,平12. 4. 1,内　胃　消,診療所,,,,,,,,,,,,,,
4,1798,〒994－0049,天童市南町２－１０－５,023-658-6622 / 組織変更 / 令元. 10. 1,医療法人社団杏花会　理事長　齊藤　公人,齊藤　公人 / 現存,平13. 10. 1,内　神内　胃,診療所,,,,,,,,,,,,,,
7,1799,〒994－0012,天童市久野本１０５６番地の３,656-8522,医療法人社団斗南会　理事長　秋野　貞子,大野　茂 / 現存,平14. 12. 2,内　胃　消,診療所,,,,,,,,,,,,,,
5,1800,〒994－0047,天童市駅西３－９－１,653-1781 / 移転 / 令3. 3. 1,医療法人仁和会　理事長　小幡　仁子,小幡　仁子 / 現存,平15. 3. 1,皮　アレ,診療所,,,,,,,,,,,,,,
3,1801,〒994－0054,天童市大字荒谷１９７３番地８８４,023-652-3281,医療法人社団悠愛会　理事長　大島　扶美,井渕　安雄 / 現存,平15. 4. 1,内　神内　整外　リハ　外,診療所,,,,,,,,,,,,,,
1,1802,〒994－0049,天童市南町３－１－２４,023-651-1555 / 組織変更 / 令3. 4. 1,医療法人光和会　理事長　東谷　暁子,東谷　暁子 / 現存,平15. 4. 1,小,診療所,,,,,,,,,,,,,,
7,1803,〒994－0033,天童市三日町２－６－１,023-653-2017 / 交代 / 令3. 10. 14,真田　彰郎,真田　彰郎 / 現存,平15. 10. 14,眼,診療所,,,,,,,,,,,,,,
8,1804,〒994－0028,天童市鍬ノ町１丁目２番１０号,023-656-9811,医療法人社団清永会　理事長　矢吹　清隆,福島　紀雅 / 現存,平16. 10. 1,内,診療所,,,,,,,,,,,,,,
2,1805,〒994－0049,天童市南町３－１－１８,023-651-1241 / 組織変更 / 令5. 4. 1,医療法人社団おおやま皮膚科　理事長　大山　正俊,大山　正俊 / 現存,平17. 4. 1,皮　アレ,診療所,,,,,,,,,,,,,,
0,1806,〒994－0026,天童市東本町１－１－３２,023-653-5664 / 交代 / 令5. 4. 1,小松　静子,小松　静子 / 現存,平17. 4. 1,内　胃,診療所,,,,,,,,,,,,,,
4,1807,〒994－0024,天童市鎌田一丁目７番１号,023-653-5711 / 令6. 4. 1,医療法人篠田好生会　理事長　篠田　淳男,細谷　幸雄 / 移転,平18. 4. 1 / 内　外　整外　脳外　精　リハ　歯　歯外,一般　　     64 / 現存,病院,,,,,,,,,,,,,,
2,1808,〒994－0028,天童市鍬ノ町一丁目３番２２号,023-654-0300 / 組織変更 / 令6. 9. 1,医療法人社団五和会　理事長　神村　匡,神村　匡 / 現存,平18. 9. 1,内,診療所,,,,,,,,,,,,,,
0,1809,〒994－0028,天童市鍬ノ町一丁目２番２１号,023-652-1234 / 組織変更 / 令7. 4. 1,医療法人社団心々堂　理事長　高橋　和晃,高橋　和晃 / 現存,平19. 4. 1,眼,診療所,,,,,,,,,,,,,,
7,1810,〒994－0046,天童市田鶴町４－２－５３,023-654-3800 / 組織変更 / 令7. 4. 1,医療法人芳賀心療内科クリニック　理事長　櫻井　耕,櫻井　耕 / 現存,平19. 4. 1,精　神　心内,診療所,,,,,,,,,,,,,,
5,1811,〒994－0081,天童市南小畑４－１－１,023-652-1117 / 令7. 4. 1,医療法人さとうウィメンズクリニック　理事長　佐藤　聡 / 産　婦　歯　小,佐藤　聡 / 組織変更,平19. 4. 1 / 一般     19,一般　　 / 現存,診療所,,,,,,,,,,,,,,
3,1812,〒994－0013,天童市老野森２－１５－１８,023-652-2233 / 組織変更 / 令7. 4. 1,医療法人社団武田耳鼻咽喉科　理事長　武田　一彦,武田　一彦 / 現存,平19. 4. 1,耳い,診療所,,,,,,,,,,,,,,
1,1813,〒994－0063,天童市東長岡２－８－８,023-658-1123 / 組織変更 / 令7. 5. 1,医療法人いがらしクリニック　理事長　五十嵐　秀樹,五十嵐　秀樹 / 現存,平19. 5. 1,内　循,診療所,,,,,,,,,,,,,,
9,1814,〒994－0049,天童市南町三丁目１４－２７,023-679-3371,増子　邦彦,増子　邦彦 / 現存,平19. 9. 3,整外　リハ,診療所,,,,,,,,,,,,,,
5,1815,〒994－0013,天童市老野森１丁目５番１号,023-651-3911 / 組織変更 / 令2. 4. 1,医療法人社団大竹内科呼吸器科医院　理事長　大竹　和久 / 一般      2 / 内　呼,大竹　和久 / 現存,平20. 4. 1,一般,診療所,,,,,,,,,,,,,,
3,1816,〒994－0047,天童市駅西五丁目２番１号,023-654-2511 / 移転 / 令2. 4. 1,天童市長　新関　茂 / 療養　　     30 / 内　小　外　脳外　産婦　皮　整外,高畠　典明 / 現存,平20. 4. 1,一般　　     54,病院,,,,,,,,,,,,,,
9,1817,〒994－0049,天童市南町３丁目２－１６,023-664-0345,東谷　慶昭,東谷　慶昭 / 現存,平24. 12. 1,心内　精,診療所,,,,,,,,,,,,,,
7,1818,〒994－0014,天童市糠塚２丁目８－３０,023-656-8277,近藤　一秀,近藤　一秀 / 現存,平26. 4. 1,内　皮,診療所,,,,,,,,,,,,,,
4,1819,〒994－0049,天童市南町３丁目１４番１９号,023-687-0870 / 組織変更 / 令2. 5. 1,医療法人南町耳鼻咽喉科　理事長　櫻井　秀一郎,櫻井　秀一郎 / 現存,平26. 5. 1,耳い　アレ　頭頸部外科,診療所,,,,,,,,,,,,,,
2,1820,〒994－0026,天童市東本町３－４－１３,023-653-5005 / 交代 / 令3. 2. 5,宮脇　元彦,宮脇　元彦 / 現存,平27. 2. 5,内　消,診療所,,,,,,,,,,,,,,
6,1821,〒994－0014,天童市糠塚一丁目４番１号,023-653-1688 / 組織変更 / 令5. 5. 1,医療法人社団目黒クリニック循環器科・内科　理事長　目黒　光彦,目黒　光彦 / 現存,平29. 5. 1,循　内,診療所,,,,,,,,,,,,,,
2,1822,〒994－0083,天童市芳賀タウン南３－７－７,023-665-1976,舟生　勇人,舟生　勇人 / 現存,令元. 5. 1,脳外　脳内,診療所,,,,,,,,,,,,,,
0,1823,〒994－0083,天童市芳賀タウン南三丁目７番１３号,023-687-1259 / 組織変更 / 令2. 1. 6,医療法人社団　つちだ子どもクリニック　理事長　土田　哲生,土田　哲生 / 現存,令2. 1. 6,小,診療所,,,,,,,,,,,,,,
8,1824,〒994－0083,天童市芳賀タウン南三丁目７－１,023-616-7277,星川　仁人,星川　仁人 / 現存,令2. 7. 1,内　糖尿病内科　腎臓内科　リウマチ科,診療所,,,,,,,,,,,,,,
3,1825,〒994－0047,天童市駅西１丁目９－７,023-665-0070,山辺　拓也,山辺　拓也 / 現存,令3. 5. 1,ひ　内,診療所,,,,,,,,,,,,,,
1,1826,〒994－0049,天童市南町２丁目６－３,023-616-6105 / 移転 / 令3. 11. 1,赤木　康司,赤木　康司 / 現存,令3. 11. 1,内,診療所,,,,,,,,,,,,,,
7,1827,〒994－0054,天童市大字荒谷９１,023-653-2897 / 交代 / 令5. 5. 1,藤山　忠雅,藤山　忠雅 / 現存,令5. 5. 1,内　婦,診療所,,,,,,,,,,,,,,
5,1828,〒994－0024,天童市鎌田二丁目５番１号,023-616-3691,齋藤　佑規,齋藤　佑規 / 現存,令5. 9. 1,リハ　脳外　内,診療所,,,,,,,,,,,,,,
3,1829,〒994－0002,天童市乱川三丁目２－１０,023-674-9131,鈴木　郁子,鈴木　郁子 / 現存,令6. 5. 27,内　血液内科　糖尿病内科,診療所,,,,,,,,,,,,,,
1,1830,〒994－0083,天童市芳賀タウン南六丁目１番４５号,023-676-8233 / 組織変更 / 令6. 5. 1,医療法人はがタウンクリニック　理事長　岡崎　雅,岡崎　雅 / 現存,令6. 5. 1,耳い　頭頸部外科,診療所,,,,,,,,,,,,,,
9,1831,〒994－0082,天童市芳賀タウン北４丁目１－１イオンモール天童　１階,023-679-5740,医療法人ひとみ会　理事長　菊地　泰弘,髙橋　恵里子 / 現存,令6. 7. 1,眼,診療所,,,,,,,,,,,,,,
7,1832,〒994－0015,天童市泉町一丁目７番３号,023-616-6601,高橋　辰徳,高橋　辰徳 / 現存,令6. 10. 1,小,診療所,,,,,,,,,,,,,,
5,1833,〒999－3792,東根市温泉町２－１５－１,0237-42-2111,北村山公立病院組合管理者　東根市長　土田　正剛 / 内　循　腎臓内科　消　脳内　小　外　整外　形外　皮　脳外　ひ　産婦　眼　耳い　リハ　麻　放　乳腺外科　肛門外科,國本　健太 / 現存,昭48. 6. 25,一般　　    300,病院,,,,,,,,,,,,,,
8,1834,〒999－3783,東根市本丸南一丁目８番２号,0237-43-2311,医療法人社団三浦医院　理事長　三浦　祥子,三浦　祥子 / 現存,平元. 4. 1,内　循,診療所,,,,,,,,,,,,,,
4,1835,〒999－3706,東根市三日町４丁目１番３０号,0237-42-0055,医療法人さくら会　理事長　菅　隆一 / 産婦,菅　隆一 / 現存,平5. 11. 4,一般　　     14,診療所,,,,,,,,,,,,,,
1,1836,〒999－3712,東根市大森２－３－６,0237-43-8080,医療法人財団　明理会　理事長　中村　哲也 / 療養    322 / 内　リハ,熱海　裕之 / 現存,平6. 10. 1,療養,病院,,,,,,,,,,,,,,
7,1837,〒999－3711,東根市中央２－１８－１,0237-43-8118,医療法人社団江口こども医院　理事長　江口　儀太,江口　儀太 / 現存,平7. 2. 1,小　皮　アレ,診療所,,,,,,,,,,,,,,
2,1838,〒999－3712,東根市大森２－１－４,0237-43-7766 / 組織変更 / 令5. 3. 1,医療法人社団薫会　理事長　後藤　恒男 / 眼,後藤　恒男 / 現存,平11. 3. 1,一般　　      6,診療所,,,,,,,,,,,,,,
0,1839,〒999－3722,東根市大字泉郷６２５－１,0237-44-3777,安達　和仁,安達　和仁 / 現存,平11. 10. 1,内　胃　外　皮,診療所,,,,,,,,,,,,,,
4,1840,〒999－3705,東根市宮崎１ー３ー３０,0237-41-2357 / 組織変更 / 令7. 1. 1,医療法人社団真和会　理事長　髙橋　則好,髙橋　則好 / 現存,平13. 1. 1,外　胃　内　こう,診療所,,,,,,,,,,,,,,
2,1841,〒999－3709,東根市六田１－１－３５,0237-42-0256 / 交代 / 令7. 4. 1,藤田　信輔,藤田　信輔 / 現存,平13. 4. 1,内　循,診療所,,,,,,,,,,,,,,
9,1842,〒999－3717,東根市一本木２－４－２５,0237-42-3917,柴田　健彦,柴田　健彦 / 現存,平13. 5. 1,内　呼　循,診療所,,,,,,,,,,,,,,
7,1843,〒999－3720,東根市さくらんぼ駅前二丁目１７番２３号,0237-42-4777,井川　譲,井川　譲 / 現存,平13. 11. 1,整外　リハ,診療所,,,,,,,,,,,,,,
5,1844,〒999－3711,東根市中央３－２－２１,0237-43-1241 / 組織変更 / 令2. 1. 1,医療法人社団緑心会　理事長　橋本　秀樹,橋本　秀樹 / 現存,平14. 1. 1,皮,診療所,,,,,,,,,,,,,,
1,1845,〒999－3796,東根市中央１丁目５番１号,0237-43-2120 / 移転 / 令5. 4. 1,東根市長,藤田　信輔 / 現存,平17. 4. 1,内　小,診療所,,,,,,,,,,,,,,
9,1846,〒999－3720,東根市さくらんぼ駅前二丁目１０番２７号,0237-43-6633 / 移転 / 令6. 2. 1,奥山　孝,奥山　孝 / 現存,平18. 2. 1,耳い　アレ,診療所,,,,,,,,,,,,,,
6,1847,〒999－3785,東根市本丸西四丁目１番２４号,0237-48-6110 / 組織変更 / 令5. 1. 1,医療法人延世会　理事長　金村　應文,金村　應文 / 現存,平23. 1. 1,内　呼　循　アレ　糖尿病内科,診療所,,,,,,,,,,,,,,
4,1848,〒999－3711,東根市中央四丁目５番２４号,0237-43-0180 / 組織変更 / 令5. 2. 1,医療法人社団山本内科医院　理事長　山本　弘史,山本　弘史 / 現存,平23. 2. 1,糖尿病内科　神内　胃　循,診療所,,,,,,,,,,,,,,
2,1849,〒999－3720,東根市さくらんぼ駅前２－１３－１,0237-43-1002 / 組織変更 / 令5. 4. 1,医療法人和光会　理事長　武田　光,武田　光 / 現存,平23. 4. 1,皮,診療所,,,,,,,,,,,,,,
0,1850,〒999－3711,東根市中央４丁目１番２９号,0237-43-7655 / その他 / 令5. 10. 1,医療法人光仁会　理事長　廣井　正彦,廣井　正彦 / 現存,平23. 10. 1,内　ひ　皮,診療所,,,,,,,,,,,,,,
8,1851,〒999－3702,東根市温泉町二丁目５番３号,0237-41-0583 / 組織変更 / 令6. 10. 1,医療法人社団伍光会　理事長　肌附　英幸 / 一般      1 / 内　皮　ひ　精　整外　心内,今井　玄樹 / 現存,平24. 10. 1,一般,診療所,,,,,,,,,,,,,,
2,1852,〒999－3763,東根市神町中央１丁目８番１１号,0237-53-6718,伊藤　健司,伊藤　健司 / 現存,平27. 9. 1,脳外　内　リハ,診療所,,,,,,,,,,,,,,
0,1853,〒999－3763,東根市神町中央一丁目１１番１８号,0237-48-2830 / 交代 / 令4. 11. 1,医療法人大沼会　理事長　大沼　天,大沼　天 / 現存,平28. 11. 1,内　呼内　循環器内科　小　アレ,診療所,,,,,,,,,,,,,,
7,1854,〒999－3762,東根市神町北三丁目２番１８号,0237-53-6107 / 組織変更 / 令4. 11. 1,医療法人社団すずきこどもクリニック　理事長　鈴木　浩,鈴木　浩 / 現存,平28. 11. 1,小　アレ,診療所,,,,,,,,,,,,,,
5,1855,〒999－3762,東根市神町北二丁目５番６号,0237-53-1113,竹之内　研二,竹之内　研二 / 現存,平29. 10. 1,整外　リウ,診療所,,,,,,,,,,,,,,
3,1856,〒999－3729,東根市中央東２丁目６－７１,0237-22-9477,広瀬　公聖,広瀬　公聖 / 現存,平30. 9. 19,心内　精,診療所,,,,,,,,,,,,,,
9,1857,〒999－3730,東根市中央南一丁目６番２８号,0237-53-6961 / 組織変更 / 令7. 5. 1,医療法人社団　宇賀神内科クリニック　理事長　宇賀神　智,宇賀神　智 / 現存,令元. 5. 1,消化器内科、内視鏡内科、内科,診療所,,,,,,,,,,,,,,
5,1858,〒999－3762,東根市神町北一丁目３番４１号,0237-47-3660 / 組織変更 / 令3. 1. 1,医療法人社団いとう内科クリニック　理事長　伊藤　純一,伊藤　純一 / 現存,令3. 1. 1,内　胃腸内科　肝臓内科　脂質代謝内科　アレ　消化器内科,診療所,,,,,,,,,,,,,,
3,1859,〒999－3720,東根市さくらんぼ駅前二丁目７番２２号,0237-41-1188 / 組織変更 / 令3. 1. 1,医療法人社団保坂クリニック　理事長　保坂　淳,保坂　淳 / 現存,令3. 1. 1,内　外　心外　小,診療所,,,,,,,,,,,,,,
1,1860,〒999－3779,東根市羽入東１番３７号,0237-48-6638 / 移転 / 令6. 10. 1,橋本　政敏,橋本　政敏 / 現存,令6. 10. 1,内　整外,診療所,,,,,,,,,,,,,,
1,1861,〒999－4224,尾花沢市新町３－２－２０,0237-23-2010,尾花沢市長　結城　裕 / 内　消　外　小,本間　直之 / 現存,昭56. 5. 1,一般　　     19,診療所,,,,,,,,,,,,,,
3,1862,〒999－4225,尾花沢市若葉町一丁目３番１号,0237-23-3350,伊藤　嘉昭,伊藤　嘉昭 / 現存,平2. 11. 1,神内　内　外,診療所,,,,,,,,,,,,,,
5,1863,〒999－4222,尾花沢市大字朧気６９５－３,0237-23-3637,医療法人敬愛会　理事長　渋谷　磯夫 / 療養　　     26 / 内　精　神内　消　リハ　心内,渋谷　磯夫 / 現存,平6. 11. 1,精神　　    126,病院,,,,,,,,,,,,,,
8,1864,〒999－4228,尾花沢市上町四丁目７－７,0237-24-1522,結城　義憲,結城　義憲 / 現存,平19. 7. 2,眼,診療所,,,,,,,,,,,,,,
6,1865,〒999－4228,尾花沢市上町一丁目１－８,0237-53-8181,柴田　雄二,柴田　雄二 / 現存,平19. 7. 2,ひ　婦　内　皮,診療所,,,,,,,,,,,,,,
2,1866,〒999－4226,尾花沢市新町中央３番６号,0237-24-0980 / 組織変更 / 令5. 9. 1,医療法人花菜の会　理事長　奥山　裕,奥山　裕 / 現存,平23. 9. 1,内,診療所,,,,,,,,,,,,,,
0,1867,〒999－4228,尾花沢市上町六丁目３－１５,0237-23-2125 / 組織変更 / 令7. 5. 1,医療法人福笑会　理事長　清治　邦夫,清治　邦夫 / 現存,平25. 5. 1,内　小　消　循,診療所,,,,,,,,,,,,,,
6,1868,〒999－4225,尾花沢市若葉町二丁目１番７号,0237-22-9877 / 組織変更 / 令5. 4. 1,医療法人社団日だまり　理事長　加藤　圭介,加藤　圭介 / 現存,平29. 4. 1,外　内　内視鏡内科,診療所,,,,,,,,,,,,,,
4,1869,〒992－0581,南陽市小滝１４７１－３,0238-41-2040,南陽市長,小川　比呂志 / 現存,昭42. 4. 1,内,診療所,,,,,,,,,,,,,,
9,1870,〒999－2221,南陽市椚塚４２０番地の７,0238-40-3456,南陽市長,金子　誠 / 現存,昭56. 12. 15,内　小,診療所,,,,,,,,,,,,,,
9,1871,〒999－2221,南陽市椚塚９４８－１,0238-40-3170,社会医療法人公徳会　理事長　佐藤　忠宏 / 精　心内　児童精神科　老年精神科,沼田　由紀夫 / 現存,昭61. 4. 1,精神　　    114,病院,,,,,,,,,,,,,,
0,1872,〒992－0472,南陽市宮内４５４５－２,0238-45-3355,医療法人社団鈴木内科医院　理事長　鈴木　哲治,鈴木　哲治 / 現存,平2. 9. 1,内　小,診療所,,,,,,,,,,,,,,
0,1873,〒999－2211,南陽市赤湯３４２,0238-43-2135,医療法人社団後藤医院　理事長　後藤　利昭,後藤　利昭 / 現存,平5. 5. 1,内　消,診療所,,,,,,,,,,,,,,
5,1874,〒992－0472,南陽市宮内５８７－２,0238-47-2407,医療法人社団悌仁会　理事長　板垣　敏明,板垣　敏明 / 現存,平5. 9. 1,整外　内　小,診療所,,,,,,,,,,,,,,
1,1875,〒999－2211,南陽市赤湯３４６－３４,0238-43-2531,医療法人賢彰会　理事長　渡辺　彰博,渡辺　彰博 / 現存,平8. 5. 1,整外　外　リハ,診療所,,,,,,,,,,,,,,
9,1876,〒999－2211,南陽市赤湯２８７５－１,0238-49-2400,大西　正一,大西　正一 / 現存,平8. 7. 1,眼,診療所,,,,,,,,,,,,,,
7,1877,〒999－2241,南陽市郡山８７７－５,0238-40-2240,医療法人安日クリニック　理事長　安日　智,安日　智 / 現存,平8. 9. 1,内　　糖尿病内科,診療所,,,,,,,,,,,,,,
5,1878,〒992－0472,南陽市宮内２６２０,0238-47-2777,石黒　光治郎,石黒　光治郎 / 現存,平9. 4. 1,内,診療所,,,,,,,,,,,,,,
3,1879,〒992－0472,南陽市宮内２９６３番地,0238-47-2238 / 組織変更 / 令6. 10. 1,医療法人白水堂　理事長　齋藤　忠明 / 内　小　麻,齋藤　忠明 / 現存,平9. 10. 1,一般　　     11,診療所,,,,,,,,,,,,,,
9,1880,〒999－2231,南陽市二色根７５－９,0238-43-4416 / 組織変更 / 令4. 9. 1,医療法人社団須藤皮膚科医院　理事長　須藤　一,須藤　一 / 現存,平10. 9. 1,皮,診療所,,,,,,,,,,,,,,
4,1881,〒992－0472,南陽市宮内１２０４,0238-47-3000,置賜広域病院企業団　企業長　渡邊　丈洋 / 内　小　精　外　ひ　脳外　整外　眼　耳い　リハ　形外　循環器内科,池野　栄一郎 / 現存,平12. 11. 1,一般　　     50,病院,,,,,,,,,,,,,,
2,1882,〒992－0472,南陽市宮内２７７９－１,0238-47-2052 / 交代 / 令元. 8. 27,西山　大輔,西山　大輔 / 現存,平13. 8. 27,内　消　整外　皮　リハ,診療所,,,,,,,,,,,,,,
0,1883,〒999－2221,南陽市椚塚１１８０－５,0238-40-3406,社会医療法人公徳会　理事長　佐藤　忠宏,川合　厚子 / 現存,平15. 1. 6,内　精　呼　心内　糖尿病内科　老年精神科,診療所,,,,,,,,,,,,,,
8,1884,〒999－2244,南陽市島貫阿弥陀前５９９－１,0238-43-8733,川合　正和,川合　正和 / 現存,平15. 10. 1,耳い　アレ,診療所,,,,,,,,,,,,,,
0,1885,〒992－0472,南陽市宮内字横町３５００,0238-47-3109 / 組織変更 / 令5. 11. 1,医療法人社団済々会　理事長　佐藤　史井,佐藤　史井 / 現存,平17. 11. 1,こう　内　外　消　漢方内科,診療所,,,,,,,,,,,,,,
1,1886,〒999－2211,南陽市赤湯３９３,0238-40-3133 / 組織変更 / 令7. 4. 1,医療法人社団大塚医院　理事長　大塚　聡,大塚　聡 / 現存,平19. 4. 1,内　胃　外　こう,診療所,,,,,,,,,,,,,,
5,1887,〒999－2221,南陽市椚塚１６８６－１,0238-43-8220 / 組織変更 / 令5. 10. 1,医療法人社団あかゆ小児クリニック　理事長　佐藤　哲,佐藤　哲 / 現存,平23. 10. 1,小,診療所,,,,,,,,,,,,,,
3,1888,〒992－0472,南陽市宮内４６５２－１,0238-47-2411 / 交代 / 令5. 10. 27,齋藤　潔,齋藤　潔 / 現存,平23. 10. 27,内　リウ　循　消,診療所,,,,,,,,,,,,,,
1,1889,〒999－2262,南陽市若狭郷屋９１７－１１,0238-49-8225,医療法人社団　清永会　理事長　矢吹　清隆,上所　邦広 / 現存,令元. 6. 1,内　腎臓内科,診療所,,,,,,,,,,,,,,
9,1890,〒999－2232,南陽市三間通１２６番１１号,0238-43-7777 / 組織変更 / 令3. 1. 1,医療法人社団赤湯駅前クリニック　理事長　竹田　聡,竹田　聡 / 現存,令3. 1. 1,精　心内,診療所,,,,,,,,,,,,,,
7,1891,〒992－0472,南陽市宮内３４５３,0238-47-3308,三須　一彦,三須　一彦 / 現存,令5. 10. 2,内　循環器内科,診療所,,,,,,,,,,,,,,
5,1892,〒999－2244,南陽市島貫５９０番１５,0238-27-8263,勝見　修一郎,勝見　修一郎 / 現存,令5. 11. 7,内　消　内視鏡内科　肝臓内科,診療所,,,,,,,,,,,,,,
1,1893,〒990－0401,東村山郡中山町長崎３０３０－１,023-662-5011,社会医療法人松柏会　理事長　中島　幸裕,桐井　宏一 / 現存,昭59. 12. 1,内　皮　小,診療所,,,,,,,,,,,,,,
7,1894,〒990－0401,東村山郡中山町大字長崎４１７０－１,023-662-2272,服部　好伸,服部　好伸 / 現存,昭63. 3. 1,内　胃,診療所,,,,,,,,,,,,,,
1,1895,〒990－0301,東村山郡山辺町山辺３１０－１,023-664-5025,医療法人伊東医院　理事長　伊東　信,伊東　信 / 現存,平3. 3. 1,内　皮,診療所,,,,,,,,,,,,,,
8,1896,〒990－0331,東村山郡山辺町大字大寺字竹の花１１５２－４,023-667-0088,医療法人社団悠愛会　理事長　大島　扶美,大島　真悟 / 現存,平10. 4. 1,内　神内　整外　リハ,診療所,,,,,,,,,,,,,,
0,1897,〒990－0301,東村山郡山辺町大字山辺１０６８,023-664-5345 / 組織変更 / 令3. 4. 1,医療法人花開暸　理事長　鈴木　祐子,鈴木　祐子 / 現存,平15. 4. 1,内　外　ひ　胃,診療所,,,,,,,,,,,,,,
6,1898,〒990－0301,東村山郡山辺町大字山辺１２５８番地１３,023-665-8900,鳥居　伸行,鳥居　伸行 / 現存,平16. 8. 2,整外　リハ,診療所,,,,,,,,,,,,,,
1,1899,〒990－0409,東村山郡中山町大字小塩１２８４番地５,023-663-3575 / 組織変更 / 令6. 4. 1,医療法人たかはし元気クリニック　理事長　髙橋　徹,髙橋　徹 / 現存,平18. 4. 1,整外　リハ　リウ,診療所,,,,,,,,,,,,,,
9,1900,〒990－0301,東村山郡山辺町大字山辺２６５,023-664-5178 / 組織変更 / 令6. 10. 1,医療法人和敬会　理事長　笠原　敬良,笠原　敬良 / 現存,平18. 10. 1,内　外　リハ　麻,診療所,,,,,,,,,,,,,,
9,1901,〒990－0401,東村山郡中山町大字長崎３０３番地８,023-663-1000 / 組織変更 / 令6. 12. 28,医療法人洋々会秋葉医院　理事長　秋葉　太郎,秋葉　太郎 / 現存,平24. 12. 28,内　消,診療所,,,,,,,,,,,,,,
7,1902,〒990－0301,東村山郡山辺町大字山辺６１３９番地６,023-665-8876 / 組織変更 / 令4. 1. 4,医療法人ひでたま胃腸科眼科クリニック　理事長　三橋　秀輝,三橋　秀輝 / 現存,平28. 1. 4,胃　眼　内,診療所,,,,,,,,,,,,,,
5,1903,〒990－0401,東村山郡中山町大字長崎１１４４－１,023-662-5580,安藤　薫,安藤　薫 / 現存,令4. 4. 1,内　循内　呼内,診療所,,,,,,,,,,,,,,
3,1904,〒990－0301,東村山郡山辺町大字山辺１１１５－７,023-665-8877,医療法人社団やまのべ内科クリニック　理事長　山口　巧,山口　巧 / 現存,令7. 3. 24,胃腸内科　アレ,診療所,,,,,,,,,,,,,,
3,1905,〒990－1442,西村山郡朝日町大字宮宿８４３,0237-67-2125,朝日町長 / 内　外　整外　眼,高橋　潤 / 現存,昭39. 7. 2,一般　　     40,病院,,,,,,,,,,,,,,
1,1906,〒990－0702,西村山郡西川町大字海味５８１,0237-74-2211,西川町長 / 内　小　外　整外,武田　隆 / 現存,昭52. 2. 12,一般　　     28,病院,,,,,,,,,,,,,,
8,1907,〒990－0721,西村山郡西川町大字大井沢８２２－１,0237-76-2111,西川町長,伊藤　淳一 / 現存,昭55. 8. 29,内　外,診療所,,,,,,,,,,,,,,
6,1908,〒999－3511,西村山郡河北町谷地字月山堂１１１,0237-73-3131,山形県知事 / 一般（感染） / 6 / 内　神内　小　外　整外　脳外　皮　ひ　産婦　耳い　眼　放　麻　リハ　疼痛緩和内科,佐藤　敏彦 / 現存,昭56. 5. 19,一般　　    130,病院,,,,,,,,,,,,,,
4,1909,〒990－1304,西村山郡朝日町大字大谷１６３１番地,0237-68-2216,朝日町長,小林　傑 / 現存,昭57. 3. 15,内,診療所,,,,,,,,,,,,,,
2,1910,〒999－3512,西村山郡河北町谷地中央２－６－６,0237-73-3300,鈴木　明朗,鈴木　明朗 / 現存,昭63. 5. 2,内,診療所,,,,,,,,,,,,,,
5,1911,〒990－1101,西村山郡大江町大字左沢１１８７,0237-62-3155,医療法人霞晴堂　理事長　白田　一誠 / 一般     16 / 内　消　外,白田　裕 / 現存,平3. 1. 1,一般,診療所,,,,,,,,,,,,,,
6,1912,〒999－3513,西村山郡河北町谷地所岡３－２－９,0237-72-3010,浅野　恵美子,浅野　恵美子 / 現存,平5. 3. 1,耳い,診療所,,,,,,,,,,,,,,
4,1913,〒999－3533,西村山郡河北町西里７５０－３,0237-73-3810,医療法人西里斎藤医院　理事長　斎藤　正,斎藤　正 / 現存,平5. 10. 1,内　小,診療所,,,,,,,,,,,,,,
8,1914,〒999－3522,西村山郡河北町大字溝延字西浦１２－１,0237-72-7221,工藤　幸晴,工藤　幸晴 / 現存,平8. 10. 1,内　呼,診療所,,,,,,,,,,,,,,
4,1915,〒999－3512,西村山郡河北町谷地中央４－６－６,0237-71-1321,冨樫　耕司,冨樫　耕司 / 現存,平10. 4. 1,整外,診療所,,,,,,,,,,,,,,
0,1916,〒999－3511,西村山郡河北町谷地甲２１７,0237-71-1200 / 移転 / 令4. 9. 1,医療法人板坂医院　理事長　板坂　美代子,板坂　美代子 / 現存,平10. 9. 1,内　呼　胃　循,診療所,,,,,,,,,,,,,,
8,1917,〒990－0714,西村山郡西川町大字入間１６３７－２,0237-74-2211 / 移転 / 令5. 1. 1,西川町長,武田　隆 / 現存,平11. 1. 1,内　外,診療所,,,,,,,,,,,,,,
5,1918,〒999－3511,西村山郡河北町谷地字月山堂１５１－１,0237-72-7811 / 組織変更 / 令5. 1. 1,医療法人風心堂　理事長　小原　正久 / 精　心内　内,小原　正久 / 現存,平11. 1. 1,精神　　    176,病院,,,,,,,,,,,,,,
9,1919,〒999－3512,西村山郡河北町谷地中央３丁目９ー９,0237-71-1323 / 組織変更 / 令7. 4. 1,医療法人社団修明会小林医院　理事長　小林　修,小林　修 / 現存,平13. 4. 1,内　小　皮　アレ,診療所,,,,,,,,,,,,,,
7,1920,〒999－3512,西村山郡河北町谷地中央４－５－１,0237-77-0035 / 組織変更 / 令2. 4. 1,医療法人社団すみや眼科クリニック　理事長　住谷　豊,住谷　豊 / 現存,平14. 4. 1,眼,診療所,,,,,,,,,,,,,,
5,1921,〒999－3514,西村山郡河北町谷地ひな市一丁目３番地の５,0237-72-3032 / 交代 / 令3. 1. 1,医療法人社団ぶなの森　理事長　臼井　恵二,臼井　惠二 / 現存,平15. 1. 1,内　小　透析,診療所,,,,,,,,,,,,,,
1,1922,〒999－3512,西村山郡河北町谷地中央５ー４ー１,0237-72-7370,石澤　俊幸,石澤　俊幸 / 現存,平18. 12. 1,皮,診療所,,,,,,,,,,,,,,
9,1923,〒990－1442,西村山郡朝日町宮宿２３０５－２,0237-67-2330 / 交代 / 令6. 11. 22,多田　清一,多田　清一 / 現存,平18. 11. 22,内　神内　放,診療所,,,,,,,,,,,,,,
7,1924,〒999－3511,西村山郡河北町谷地甲２３９,0237-72-2048 / 組織変更 / 令7. 4. 1,医療法人和田医院　理事長　和田　潤一,和田　潤一 / 現存,平19. 4. 1,内　消,診療所,,,,,,,,,,,,,,
8,1925,〒999－3511,西村山郡河北町谷地字月山堂４０８番１,0237-84-7300 / 組織変更 / 令5. 1. 1,医療法人社団つかさ内科医院　理事長　佐藤　司,佐藤　司 / 現存,平23. 1. 1,内　消胃　胃　消,診療所,,,,,,,,,,,,,,
6,1926,〒999－3533,西村山郡河北町西里５３９－７,0237-72-3773 / 交代 / 令5. 7. 1,青木　真,青木　真 / 現存,平23. 7. 1,内　循環器内科,診療所,,,,,,,,,,,,,,
2,1927,〒999－3512,西村山郡河北町谷地中央一丁目３番７号,0237-73-3111 / 組織変更 / 令6. 4. 1,医療法人矢口泌尿器科内科クリニック　理事長　矢口　博理,矢口　博理 / 現存,平24. 4. 1,ひ　内,診療所,,,,,,,,,,,,,,
0,1928,〒990－0743,西村山郡西川町大字岩根沢４５４－９,0237-74-4116 / 移転 / 令2. 11. 19,西川町長,武田　隆 / 現存,平26. 11. 19,内　外,診療所,,,,,,,,,,,,,,
8,1929,〒990－1101,西村山郡大江町大字左沢字前田８７６番地２９,0237-84-7210,一般社団法人あかざ　代表理事　黒本　暁人,小澤　迪喜 / 現存,令3. 3. 1,内　消化器内科　循環器内科　ひ,診療所,,,,,,,,,,,,,,
6,1930,〒999－3512,西村山郡河北町谷地中央五丁目９－１５,0237-85-0350 / 交代 / 令7. 4. 1,向井　由幸,向井　由幸 / 現存,令7. 4. 1,神内　脳外　内,診療所,,,,,,,,,,,,,,
6,1931,〒999－4111,北村山郡大石田町大字大石田乙９４,0237-35-2034,後藤　慎一,後藤　慎一 / 現存,昭58. 11. 9,内　小,診療所,,,,,,,,,,,,,,
2,1932,〒999－4111,北村山郡大石田町大字大石田甲９３－４,0237-35-2021,医療法人吾妻クリニック　理事長　吾妻　正章 / 外　内　小　整外,吾妻　正章 / 現存,平8. 1. 1,一般　　     10,診療所,,,,,,,,,,,,,,
5,1933,〒999－5202,最上郡鮭川村大字佐渡８３５,0233-55-2606,佐藤　匡良,佐藤　匡良 / 現存,昭51. 9. 1,内　外,診療所,,,,,,,,,,,,,,
3,1934,〒999－5604,最上郡真室川町大字釜渕８１８ー１,0233-65-2235,真室川町　真室川町長　新田　隆治,伊藤　徹 / 現存,昭51. 10. 1,内,診療所,,,,,,,,,,,,,,
2,1935,〒999－6401,最上郡戸沢村大字古口２６６４－５,0233-72-3363,戸沢村長　渡部　秀勝,渡邊　孝弘 / 現存,平元. 4. 1,内,診療所,,,,,,,,,,,,,,
6,1936,〒996－0212,最上郡大蔵村大字清水２３２５－３,0233-75-2355 / 令6. 6. 1,大蔵村長　加藤　正美,荒川　光昭 / 新規,平3. 6. 1,内　外　歯 / 現存,診療所,,,,,,,,,,,,,,
0,1937,〒999－6101,最上郡最上町大字向町６４－３,0233-43-2112,最上町長　髙橋　重美 / 内　外　整外　婦　眼,佐藤　俊浩 / 現存,平6. 6. 1,一般　　     60,病院,,,,,,,,,,,,,,
9,1938,〒999－5602,最上郡真室川町及位４２４－１９,0233-66-2112 / 移転 / 令6. 3. 27,真室川町　真室川町長　新田　隆治,杉原　保 / 現存,平12. 3. 27,内,診療所,,,,,,,,,,,,,,
7,1939,〒999－6101,最上郡最上町大字向町５３６ー９,0233-46-1511 / 組織変更 / 令6. 9. 1,医療法人永井医院　理事長　永井　俊一,永井　俊一 / 現存,平12. 9. 1,内　循　小　整外,診療所,,,,,,,,,,,,,,
5,1940,〒999－5312,最上郡真室川町大字新町４６９番１,0233-62-2211 / 移転 / 令2. 10. 1,真室川町　真室川町長　新田隆治 / 内　整外　耳い,室岡　久爾夫 / 現存,平14. 10. 1,一般　　     55,病院,,,,,,,,,,,,,,
1,1941,〒999－5402,最上郡金山町大字金山５４８番地２,0233-52-2915 / その他 / 令2. 4. 1,金山町長　佐藤　英司,今井　洋汰 / 現存,平20. 4. 1,内　外　小　精,診療所,,,,,,,,,,,,,,
9,1942,〒999－5402,最上郡金山町大字金山３２８－１,0233-52-3020,櫻本　基嗣,櫻本　基嗣 / 休止,平25. 12. 1,内,診療所,,,,,,,,,,,,,,
7,1943,〒999－4601,最上郡舟形町舟形３６５番地１７,0233-32-3300,武藤　明紀,武藤　明紀 / 現存,平31. 4. 1,ひ　内,診療所,,,,,,,,,,,,,,
1,1944,〒999－0134,東置賜郡川西町大字下小松２０４５－２０,0238-46-2383 / 令4. 10. 1,社会福祉法人山形県社会福祉事業団　理事長　加藤　亮,富田　裕 / 新規,昭52. 10. 1,精　内　整外　皮　歯 / 現存,診療所,,,,,,,,,,,,,,
0,1945,〒999－0122,東置賜郡川西町大字中小松２２１５－１,0238-42-2222,医療法人社団柄沢医院　理事長　柄澤　哲,柄澤　哲 / 現存,平2. 5. 1,内　消,診療所,,,,,,,,,,,,,,
6,1946,〒999－2174,東置賜郡高畠町大字福沢字鎌塚台１６３－１,0238-57-4350,医療法人社団謹誠会　理事長　門脇　仁,門脇　仁 / 現存,平6. 3. 1,内　消　内分泌内科,診療所,,,,,,,,,,,,,,
1,1947,〒992－0351,東置賜郡高畠町大字高畠３８６,0238-52-1500,高畠町長　髙梨　忠博 / 療養　　     41 / 内　外　整外　産婦　皮　眼　ひ　小　呼内　循　消　神内　消化器外科　リハ　糖尿病内科　腎臓内科　漢方内科　乳腺外科,泉谷　健 / 現存,平8. 6. 1,一般　　     89,病院,,,,,,,,,,,,,,
9,1948,〒992－0351,東置賜郡高畠町大字高畠５２６－３,0238-52-4288 / 組織変更 / 令4. 1. 1,医療法人かすかわ醫院　理事長　粕川　俊彦,粕川　俊彦 / 現存,平10. 1. 1,内　外　こう　漢方内科,診療所,,,,,,,,,,,,,,
7,1949,〒999－2176,東置賜郡高畠町大字糠野目１４９０－１,0238-57-4025,相田　睦武,相田　睦武 / 現存,平10. 4. 1,精　内,診療所,,,,,,,,,,,,,,
3,1950,〒992－0601,東置賜郡川西町大字西大塚２０００,0238-46-5000 / 令6. 11. 1,置賜広域病院企業団　企業長　渡邊　丈洋 / 4 / 精神　　     46 / 内　精　神内　消　循　小　外　呼外　整外　脳外　心外　皮　ひ　産婦　眼　耳い　リハ　放　歯外　麻　形外　救命　消化器外科、　乳腺外科,江口　英行 / 新規,平12. 11. 1 / 一般（感染）,一般　　    420 / 現存,病院,,,,,,,,,,,,,,
1,1951,〒999－0121,東置賜郡川西町大字上小松２９１８ー２,0238-42-2151,置賜広域病院企業団　企業長　渡邊　丈洋,山田　昌弘 / 現存,平12. 11. 1,内　外　整外,診療所,,,,,,,,,,,,,,
7,1952,〒999－0145,東置賜郡川西町大字下奥田字穴澤平３７９６ー２０,0238-54-2100,医療法人社団緑愛会　理事長　湖山　泰成 / 内　整外,乾　清重 / 現存,平13. 2. 1,療養　　    109,病院,,,,,,,,,,,,,,
3,1953,〒999－0121,東置賜郡川西町上小松１０６８－６,0238-46-5539 / 交代 / 令2. 6. 1,医療法人寿照会　理事長　齋藤　哲夫,齋藤　哲夫 / 現存,平14. 6. 1,内　循　小,診療所,,,,,,,,,,,,,,
8,1954,〒992－0332,東置賜郡高畠町相森５７－１３,0238-51-1225,石井　孝徳,石井　孝徳 / 現存,平17. 10. 3,小　内,診療所,,,,,,,,,,,,,,
6,1955,〒992－0351,東置賜郡高畠町高畠２７６番地の８,0238-51-0630 / 組織変更 / 令6. 4. 1,医療法人社団利秀会　理事長　松橋　孝明,松橋　孝明 / 現存,平18. 4. 1,内　胃,診療所,,,,,,,,,,,,,,
4,1956,〒999－2175,東置賜郡高畠町福沢南１１番地４,0238-57-5777,五十嵐　浩太郎,五十嵐　浩太郎 / 現存,平21. 11. 13,内　消,診療所,,,,,,,,,,,,,,
2,1957,〒992－0351,東置賜郡高畠町大字高畠１１３５－２,0238-52-1100 / 交代 / 令5. 7. 1,金子　誠,金子　誠 / 現存,平23. 7. 1,内　神内　小　皮,診療所,,,,,,,,,,,,,,
0,1958,〒999－2174,東置賜郡高畠町大字福沢５９６番地の３,0238-49-7125,上領　勝,上領　勝 / 現存,平23. 11. 1,眼,診療所,,,,,,,,,,,,,,
6,1959,〒999－0121,東置賜郡川西町大字上小松９１５－５,0238-54-0135 / 組織変更 / 令2. 5. 1,医療法人社団きじまキッズクリニック　理事長　木島　一己,木島　一己 / 現存,平26. 5. 1,小　内,診療所,,,,,,,,,,,,,,
4,1960,〒992－0601,東置賜郡川西町西大塚１６２３－１,0238-27-1620,公益社団法人地域医療振興協会　理事長　吉新　通康,渋間　久 / 現存,令2. 7. 1,内　外,診療所,,,,,,,,,,,,,,
9,1961,〒992－0601,東置賜郡川西町大字西大塚１６２０－４,0238-27-1772,松木　宏史,松木　宏史 / 現存,令4. 6. 1,整外　リハ,診療所,,,,,,,,,,,,,,
7,1962,〒992－0601,東置賜郡川西町大字西大塚１４０１－１,0238-27-0350 / 組織変更 / 令6. 12. 1,医療法人社団　いなげ内科呼吸器内科医院　理事長　稲毛　稔,稲毛　稔 / 現存,令6. 12. 1,内　呼内　アレ,診療所,,,,,,,,,,,,,,
5,1963,〒992－0771,西置賜郡白鷹町大字鮎貝１０７７,0238-85-2263,医療法人社団仁鷹会　理事長　新野　哲也,新野　哲也 / 現存,平2. 3. 1,内　外　循　心外,診療所,,,,,,,,,,,,,,
3,1964,〒992－0831,西置賜郡白鷹町大字荒砥甲１０５５,0238-85-2007,医療法人社団多田医院　理事長　多田　久人,多田　久人 / 現存,平3. 4. 1,内　消,診療所,,,,,,,,,,,,,,
9,1965,〒999－0427,西置賜郡飯豊町大字上原６２２,0238-77-2330,飯豊町長　嵐　正人,豊野　充 / 現存,平3. 12. 1,内　外,診療所,,,,,,,,,,,,,,
3,1966,〒992－0832,西置賜郡白鷹町大字荒砥乙３２８２,0238-85-3636,大森　典夫,大森　典夫 / 現存,平6. 4. 1,内　胃　外　皮　こう,診療所,,,,,,,,,,,,,,
6,1967,〒992－0831,西置賜郡白鷹町大字荒砥甲５０１,0238-85-2155 / 移転 / 令6. 10. 1,白鷹町長　佐藤　誠七 / 内　外　整外　皮　婦,柴田　裕次 / 現存,平9. 10. 1,一般　　     60,病院,,,,,,,,,,,,,,
2,1968,〒999－1356,西置賜郡小国町大字あけぼの１－１,0238-61-1111 / 令5. 6. 1,小国町長,伊藤　宏 / 新規,平11. 6. 1 / 内　外　整外　産婦　小　眼　耳い　歯,一般　　     26 / 現存,病院,,,,,,,,,,,,,,
0,1969,〒992－0772,西置賜郡白鷹町横田尻５３７９ー１,0238-87-2207 / 組織変更 / 令7. 1. 1,医療法人社団横沢医院　理事長　横澤　禎二,横澤　禎二 / 現存,平13. 1. 1,内　胃,診療所,,,,,,,,,,,,,,
6,1970,〒992－0821,西置賜郡白鷹町大字十王字塩田５０５９－１３,0238-85-5533 / 組織変更 / 令2. 4. 1,医療法人社団聰明会　理事長　齋藤　聰,齋藤　聰 / 現存,平14. 4. 1,整外　リハ　内,診療所,,,,,,,,,,,,,,
2,1971,〒999－0604,西置賜郡飯豊町大字椿３６５４－１,0238-72-2300 / 移転 / 令6. 5. 29,飯豊町長　嵐　正人,高木　潤一 / 現存,平18. 5. 29,内　小,診療所,,,,,,,,,,,,,,
7,1972,〒999－1351,西置賜郡小国町大字小国町１７０－２,0238-61-0203,田中　丈二,田中　丈二 / 現存,平20. 10. 1,内　外　整外,診療所,,,,,,,,,,,,,,
5,1973,〒999－0602,西置賜郡飯豊町大字萩生４３６２番地,0238-87-8250,社会福祉法人　いいでめざみの里福祉会　理事長　後藤　博信,近藤　廉平 / 現存,令3. 5. 1,内　整外,診療所,,,,,,,,,,,,,,
3,1974,〒999－1356,西置賜郡小国町大字あけぼの二丁目７番１２号,0238-88-7700,早坂　麻美,早坂　麻美 / 現存,令4. 11. 1,内　呼内　アレ　心内　婦　精,診療所,,,,,,,,,,,,,,
1,1975,〒999－7727,東田川郡庄内町南野字南浦９５－１,0234-44-2121,医療法人阿部内科胃腸科医院　理事長　阿部　正和,阿部　正和 / 現存,平2. 9. 1,内　胃,診療所,,,,,,,,,,,,,,
0,1976,〒999－6606,東田川郡庄内町清川字腹巻野４５－１,0234-57-2030,医療法人崇仁会　理事長　成澤　辰男,成澤　辰男 / 現存,平6. 4. 1,内　胃　外,診療所,,,,,,,,,,,,,,
6,1977,〒999－7781,東田川郡庄内町余目字町１５番地１,0234-43-3032,医療法人かとう医院　理事長　加藤　久仁彦,加藤　久仁彦 / 現存,平6. 5. 1,内　循,診療所,,,,,,,,,,,,,,
9,1978,〒999－7781,東田川郡庄内町余目字町２６５,0234-43-3010 / 組織変更 / 令5. 3. 1,医療法人社団天真堂　理事長　菅原　源也,菅原　源也 / 現存,平11. 3. 1,内　外,診療所,,,,,,,,,,,,,,
3,1979,〒997－1301,東田川郡三川町大字横山字堤３９番,0235-68-0150,医療法人社団愛陽会　理事長　錦織　靖 / 療養　　     50 / 精　内　神　心内,錦織　靖 / 現存,平17. 2. 1,精神　　     96,病院,,,,,,,,,,,,,,
8,1980,〒999－7781,東田川郡庄内町余目字猿田９２番地の１２,0234-42-2611,古谷　宏子,古谷　宏子 / 現存,平17. 10. 3,眼,診療所,,,,,,,,,,,,,,
6,1981,〒997－1316,東田川郡三川町猪子字大堰端３７９－７,0235-35-0666,高久　巖,高久　巖 / 現存,平20. 4. 1,小　アレ,診療所,,,,,,,,,,,,,,
4,1982,〒999－7781,東田川郡庄内町余目字土堤下１９－３,0234-43-8701,森田　義宏,森田　義宏 / 現存,平25. 7. 1,内,診療所,,,,,,,,,,,,,,
2,1983,〒999－7782,東田川郡庄内町松陽一丁目１番地１,0234-43-3434 / 令6. 2. 1,医療法人徳洲会　理事長　東上　震一 / 療養 / 療養    122 / 内　消　循　呼内　外　整外　形外　脳外　呼外　心外　皮　ひ　婦　精　神内　リハ　放　歯外　麻　大腸・肛門外科　腎臓内科　内視鏡外科　消化器外科　小,寺田　康 / 交代,平30. 2. 1 / 一般    202,一般　　 / 現存,病院,,,,,,,,,,,,,,
0,1984,〒997－1311,東田川郡三川町大字青山字外川原２３４－１,0235-35-1135,医療法人あい友会　理事長　野末　睦,齊藤　佳寿 / 現存,令2. 10. 1,内,診療所,,,,,,,,,,,,,,
8,1985,〒999－6601,東田川郡庄内町狩川字楯下３５－５,0234-56-2074,奥山　あゆみ,奥山　あゆみ / 現存,令6. 11. 1,内　リウ,診療所,,,,,,,,,,,,,,
9,1986,〒999－8301,飽海郡遊佐町遊佐字石田７,0234-72-2522,医療法人社団順仁堂　理事長　佐藤　卓 / 内　小　外　婦　リハ　麻　ペインクリニック外科　疼痛緩和内科,佐藤　卓 / 現存,昭60. 4. 1,療養　　     84,病院,,,,,,,,,,,,,,
9,1987,〒999－8522,飽海郡遊佐町北目字菅野谷地１０２番地,0234-77-2507,医療法人社団菅原医院　理事長　菅原　園枝,菅原　園枝 / 現存,平4. 1. 1,内　小　麻,診療所,,,,,,,,,,,,,,
3,1988,〒999－8302,飽海郡遊佐町吉出字野添１６３,0234-72-2003,村上　基 / 内　産婦,村上　基 / 現存,平8. 8. 19,一般　　     12,診療所,,,,,,,,,,,,,,
2,1989,〒999－8435,飽海郡遊佐町庄泉字開元６５,0234-76-2325 / 交代 / 令3. 8. 7,土門　斉,土門　斉 / 現存,平15. 8. 7,内　胃　ひ,診療所,,,,,,,,,,,,,,
4,1990,〒990－0876,山形市行才１２６－２,023-684-5566 / 令4. 10. 1,独立行政法人国立病院機構　理事長　新木　一弘,宇留野　勝久 / 新規,昭49. 10. 1 / 内　精　脳内　呼　小　整外　眼　耳い　リハ　放　歯　循　皮　脳外,一般　　    300 / 現存,病院,,,,,,,,,,,,,,
2,1991,〒992－1202,米沢市大字三沢２６１００－１,0238-22-3210 / 令5. 7. 1,独立行政法人国立病院機構　理事長　新木　一弘 / 脳内　内　呼　消　循　小　外　整外　脳外　リハ　放　精　歯　漢方内科,高橋　利幸 / 新規,昭38. 7. 1 / 一般    220,一般　　 / 現存,病院,,,,,,,,,,,,,,
1,1992,〒990－9585,山形市飯田西２－２－２,023-633-1122 / 令5. 6. 1,国立大学法人山形大学　学長　玉手　英利 / 内　小　精　皮　放　外　心外　脳外　整外　産　婦　眼　耳い　ひ　麻　歯外　形外　病理　リハ　救急科　循環器内科　消化器内科　脳内　消化器外科　呼外,土谷　順彦 / その他 / 現存,平2. 6. 1 / 精神　　     36,一般　　    601 / 病院,特定機能,,,,,,,,,,,,,,
z,1993,,,,,,,,,,,,,,,,,,,,,,
